chvrches,2
four,16
woods,2
spiders,16
increase,18
eligible,5
electricity,3
lord,5
justgiving,2
shaving,4
sinking,3
u2,6
naturopathic,2
bringing,6
prize,9
garycompton,2
wednesday,6
succession,2
straight,4
charter,14
aider,8
miller,3
bacon,4
second,9
firstquarter,12
csfundraising,6
resignations,2
ajenglish,5
josepagliery,2
errors,3
bonuses,9
fossil,10
increasing,9
specialist,5
reporter,3
here,87
reported,3
china,69
auctioned,3
borrowers,6
zuckerberg,3
kids,47
dreambig,16
k,3
reports,33
controversy,5
qantas,3
derodes,2
military,5
criticism,4
golden,5
owed,2
9a,3
explained,5
pensions,14
brought,7
stern,2
unit,8
ht,5
marketers,2
leurs,4
music,19
strike,6
until,10
holy,2
successful,8
brings,4
yahoo,11
hurt,6
99,3
glass,3
aux,17
90,8
hold,23
95,5
96,4
sweeten,2
plunged,2
straddle,4
locker,3
revenues,2
example,5
naturopathie,2
household,7
currency,12
jmalt87,2
hog,4
turn,8
hon,2
travel,15
feature,6
machine,2
methodology,11
yum,2
audi,3
gaming,5
regional,9
kirstyweakley,4
dinosaurs,2
wrong,16
effective,6
wins,8
deutsche,19
keeps,6
democratic,2
wind,4
wine,5
senators,2
minnesota’s,2
peut,2
organismes,4
barclays,22
barclays’,4
welcomes,6
fit,2
ewz,5
rankings,2
fix,21
survivors,3
phantom,2
hidden,3
fii,2
frsb,2
thrones,6
accrual,2
oks,3
schools,6
zerohours,3
silver,27
structural,4
debut,4
andrewwinston,2
heures,2
expectancy,2
financial,163
woes,3
series,6
spider,2
currencies,3
xp,3
rt,1139
trending,3
rs,10
contenir,4
re,9
adapt,3
engineer,2
lowwage,3
foundation,13
39m,2
économiques,2
estimate,9
alert,9
exposing,2
atl,2
silicon,15
levels,10
elmo,2
clés,2
her…,2
chevron,2
172,3
service,19
lego,3
lawsuits,3
moyos,2
needed,8
xiv,2
350ppm,4
listen,34
rewards,4
collapse,5
mckinsey,4
pubic,2
wisdom,3
communautaires,2
expanding,2
nations,3
project,31
feeling,5
acquisition,3
boston,138
aapl,28
corytv,4
affairs,2
responsible,4
bloombergphotos,2
tarsands,2
transactions,10
shale,2
cnntech,5
letter,5
organization,4
macbook,6
episode,16
released,8
officielles,5
tech,48
doesn’t,7
saying,3
bomb,2
meetings,7
nominated,3
prix,5
participate,3
hungary,6
lessons,7
696,2
headline,3
bust,5
mens,3
accelerate,2
theme,3
rick,4
rich,15
pickens,2
standardpoors,2
pocket,2
lenders,10
tips,77
volatility,34
fait,2
release,11
respond,3
disaster,10
fair,2
branding,6
result,2
fail,8
lots,5
irs,10
lansdown,2
score,10
ira,5
wage,16
never,22
extend,4
nature,2
fossilfree,5
cut,42
recent,17
downgrade,2
debt,45
roller,2
planner,2
country,15
heating,2
109,2
planned,10
asked,15
active,51
greenleaf,4
pregnancy,3
250,6
255,3
101,3
rangers,4
holdings,7
subsidy,3
much,36
stadium,3
criticises,2
tallest,5
familles,3
life,65
sydney,3
25b,2
snap,2
dave,36
doubts,3
commerce,10
appeals,3
biotech,4
075,2
42814,3
played,2
tonymanfred,2
sells,12
trustee,4
hong,6
things,43
split,11
thejei,2
elliott,2
principals,3
bid,27
european,20
tops,7
workforce,4
boiler,3
ownership,5
ausgovcto,4
tune,25
midsized,7
bonne,2
corporate,25
opinions,5
capitol,4
financially,7
previous,5
bny,3
enters,2
hal,2
phillips,2
marieclaire,2
ease,6
bnp,7
had,32
ideal,3
easy,19
prison,3
east,9
hat,2
possible,10
possibly,2
poses,3
desire,3
steps,19
right,50
old,12
crowd,2
begin,7
billboard,3
nokxl,5
fox,4
creative,3
continue,10
foo,2
idées,2
shakes,2
muthoot,2
losing,7
brokerage,3
falls,26
dollars,7
slightly,10
raised,5
statements,9
facility,6
marshall,3
mba,3
son,5
chtr,2
sou,2
raises,18
etnow,2
support,33
world’s,7
sampp,31
16000,2
authorized,2
here’s,13
billmckibben,8
icon,2
launching,2
happy,10
offer,32
paypal,2
bounce,2
congratulations,9
azn,3
inside,12
devices,4
allégements,3
panels,2
dues,2
30m,2
150,4
snowden,2
proves,3
elon,6
accounting,11
qip,3
glacier,2
actor,4
cocacola,2
flood,6
role,8
roll,3
2725,2
models,2
15b,2
invested,5
irelanddaylse,12
rolling,6
15k,2
objectifs,3
milkeninstitutes,8
ottawa,4
push,16
decision,16
elilanger,2
thetechmuseum,2
sebelius,2
childs,2
chain,6
integration,3
ioftweets,6
thisissethsblog,4
chair,10
cnnmoneypf,6
olympiques,3
suspending,3
94,3
burlington,9
emirates,4
eliminate,3
scotiabanks,2
prepaid,4
patentbuying,2
choice,7
servicing,3
paulsonne,2
minute,4
moola,3
leave,17
settle,6
subway,2
team,22
prevent,7
rents,2
weiping,2
sign,15
erotic,2
privateequity,2
g20,11
current,14
falling,9
boost,38
jury,2
climbs,2
understanding,9
egypt,3
address,11
alone,5
along,4
enroll,2
plunges,4
financiers,2
gulf,4
eisley,2
brilliant,2
augustana,2
studied,2
accomplished,2
machiz,7
studies,5
cure,6
love,26
prefer,5
ipo,35
cpwrfcu,2
fake,4
4112014,12
working,17
positive,4
wondering,2
films,2
prosecutor,2
afford,6
claiming,2
consoles,2
goods,2
everywhere,2
valued,3
netflix,13
impasse,2
printing,4
values,2
following,20
awesome,15
allowed,5
stole,2
monitoring,6
winter,9
fpu,2
vancouver,7
cl…,2
explores,2
explorer,9
provincial,2
spot,3
applications,7
nik,6
date,4
wikileaks,18
times,10
stress,15
federal,25
natural,2
sectors,2
oculus,2
sr,12
sv,2
st,13
si,2
pulled,2
years,73
hiring,214
experiments,2
avid,3
delayed,2
jim,10
troubles,2
avis,3
hometown,2
decades,3
smarter,7
nation,7
records,6
subscribers,5
arriving,2
bessent,2
runners,3
jahangir,2
wands,4
suspends,9
amnesty,2
quarter,33
stalling,2
square,8
exelon,8
revised,2
entering,3
rosneft,5
cytk,2
seriously,3
investigation,7
internet,30
formula,2
crrileycnn,2
curbs,2
million,82
quite,5
quits,6
training,5
discussing,4
programming,4
modest,3
massive,7
réunion,9
saving,17
spanish,4
vote,11
open,42
city,32
marketsite,2
santander,4
structured,2
uks,3
citi,3
teacher,4
2,58
draft,4
separatists,2
shoppers,4
williams,2
surges,2
proving,2
fooled,2
boyfriend,4
rival,2
future,40
arun,2
russia,51
shakeup,2
san,4
headquarters,4
financier,3
stanley,7
saw,7
sat,5
planetmoney,44
warriors,3
aside,2
d’ici,3
goodbye,3
opposite,2
knew,4
nprviz,2
remarks,2
pages,3
axp,3
average,27
phil,2
drive,3
ways,59
partofthesolution,3
atlantic,2
liquidity,2
laws,2
walking,5
surplus,4
jpmorgan,4
rmbinvestor,5
bright,3
“the,6
slow,9
tears,2
going,42
presse,3
retraite,2
£53m,2
prime,17
declutter,3
worried,3
putcall,3
nasdaqomxs,2
worries,8
ghanas,2
where,28
vision,6
gouv,2
nouveaux,4
écon,3
tcddublin,2
weibo,3
sites,6
sponsorship,7
teens,2
homebuyers,4
‘rental,2
supermarket,2
voir,3
lseplc,3
awards,12
jets,5
spark,4
arabspring,2
aljazeera,2
bbgbillionaires,2
residence,2
deduction,5
s,8
workplace,8
nasdaq100,6
allowance,5
twix,2
stream,4
compte,2
twin,5
abdulelnajdi,2
3000,2
comeback,2
boomers,3
boat,3
west,7
fiveyear,3
vacation,5
d’action,3
breath,2
combined,2
renewables,4
bullshit,5
wants,18
shortlist,2
photos,13
vue,2
markthompsoncnn,4
wilco,5
former,18
flash100,2
consultant,6
engineering,7
easier,2
oliviasterns,3
policies,6
newspaper,2
situation,4
spotlight,3
ive,4
taoiseach,2
engaged,5
quiet,3
incrnews,7
£186m,2
technology,34
ivy,2
expenditures,2
threatens,5
surveillance,7
sterling,58
putin,9
singapore,7
edges,3
renewable,3
tracking,2
boomerandecho,3
exbarclays,3
costs,28
effects,4
summer,11
being,35
rest,7
fracking,2
weekly,26
carlquintanilla,4
dickc,12
prominently,2
255m,2
around,24
21p,2
ericgarcetti,3
ecigarettes,4
dark,8
traffic,5
world,65
postal,2
meat,2
youdecide9,9
intel,7
exploit,3
millennials,6
gimme,2
pom,2
allocution,8
beverly,4
tvs,4
gilmore,2
devrait,4
divine,2
gameofthrones,3
memories,2
tube,3
cannabis,3
chopra,2
barrons,2
blackandmarried,2
ddd,2
scientific,2
power,23
internship,2
five9,4
iconic,4
moorehn,4
leadership,9
samppcaseshiller,2
hopkins,2
industry,30
favorite,11
side,5
act,27
mean,9
upshotnyt,3
deuszu,2
fundraising,19
image,4
thestylemedic,2
prepares,3
parties,3
legacy,5
yourfinanciallife,6
hes,6
10000,3
hey,8
myths,5
bubble,9
recommends,4
enroller,4
mh370,2
survived,4
yhoo,8
technologies,3
buying,32
rush,9
october,3
aalborg,2
unveils,5
dirty,4
agree,8
aa,3
gone,5
cnbc,10
ad,6
latestage,2
certain,2
am,20
al,5
tshirt,11
au,31
watched,5
commoncapitai,2
googl,5
duycks,3
graduate,4
tight,3
2007,4
cnbcworld,2
congress,3
a1,3
a3,2
a2,3
a4,2
planners,4
unclimatetalks,7
sndk,2
having,5
mass,2
adam,10
cpp,5
original,10
consider,17
beware,4
welfare,8
causes,2
tx,3
ty,3
tv,12
sandyhendry,2
tm,3
th,2
smile,2
td,5
tb,2
norm,2
ra,2
ghana,3
paying,11
appointment,2
results,24
diary,3
michaeldhiggins,2
existing,3
cable,14
ageing,6
joined,2
large,10
allybrchat,18
small,17
penalties,2
190,2
past,19
etps,5
pass,4
investment,67
disruptions,2
kbadenhausen,2
scientists,4
full,21
hours,20
november,6
backlash,5
freefrombroke,3
compliance,7
experience,3
prior,3
social,45
action,30
schwarzman,3
luck,3
vic,3
via,270
followed,3
adidas,3
vie,3
hilsenrath,2
seng,2
vip,3
pulls,4
vix,101
select,3
6,49
more,281
door,2
company,52
hedgefund,2
telephone,2
atlas,2
séance,2
keeping,6
lilly,3
science,10
turbotax,3
deepakchopra,3
mall,3
bias,2
astrazeneca,20
resources,12
morgan,8
learn,30
male,4
beautiful,3
prompt,2
accept,6
states,15
kitchennews,10
sense,10
gallon,4
stratfor,2
huge,13
kashhill,2
equities,4
worry,5
crédit,3
freddie,4
plant,7
bank’s,2
plans,49
toyotas,6
mapping,3
entrepreneurship,5
plane,7
backyard,4
acquisitions,7
resemble,2
register,13
daves,8
trade,34
scott,4
signs,11
élever,3
roots,2
gerald,2
followers,2
icymi,11
magic,7
prévoit,2
always,12
entirl,2
found,9
osarcc,2
execs,3
reactions,6
england,6
mycorpsolutions,2
reduce,21
slowdown,5
advertisers,3
really,44
fts,4
psychology,3
greifeld,2
research,11
ftc,2
race,2
grads,3
highway,3
viom,2
atms,3
pitfalls,2
imagine,2
rises,27
director,14
owners,10
atampt,7
statutory,3
w,35
major,24
sinclair,2
limerick,2
dleonhardt,8
almarlatour,2
rail,6
pledge,3
guess,6
noma,2
heads,6
guest,10
jet,3
markminervinis,3
ebates,2
philanthropy,2
master,4
knfampt,2
relationship,3
charityawards,3
interviewed,2
appreciation,2
typhoon,2
zeppelin,3
graco,2
obama,30
merkels,2
aaa,3
defends,6
marriage,6
remembers,2
andriacheng,3
cnbcsocial,8
metcalf,2
sell,41
self,3
internal,4
068,4
rrsps,3
mcdonaldians,2
play,13
singles,2
plan,64
webtour,3
galway,2
unequal,3
omaha,5
sometimes,4
cover,10
golf,6
gold,38
nationaltrust,2
nasdaq,77
session,4
impact,19
jonerlichman,10
writes,2
failed,2
equity,21
giants,9
lombard,8
distance,2
banned,11
actress,2
banking,22
kill,2
319,2
set,34
activists,2
startup,21
sex,3
signups,6
sec,3
menaker,2
tds,3
regulator,4
chinas,10
matter,7
movie,5
currently,7
heading,4
pickup,2
wayzata,2
15th,2
europe,29
organizing,3
laclippers,5
death,10
dividend,25
444,2
prospects,2
last,66
barely,3
improves,3
scams,2
let,19
approve,2
load,2
fridayfun,3
bell,22
loan,28
community,10
agents,2
adaptation,3
scottish,3
belt,2
blog,39
monthly,12
convicted,2
firm,12
fire,10
consultera,2
stephsimon,2
mine,2
fund,51
representative,2
insiders,2
towns,3
bridgegate,2
presses,2
uncertain,3
bankofamerica,2
pfizer’s,3
budget,88
technical,3
30year,7
error,6
katielobosco,6
ross,3
robin,3
pound,2
hoping,4
calculator,2
jonathanlandman,2
motors,4
36,3
35,12
triple,4
vos,8
funny,4
rules,30
diteslenous,6
tradingdebates,2
walmart,12
euro,15
picks,5
person,6
howardlindzon,3
wbclimatechange,6
kabuki,2
bankrate,4
capture’,2
08,6
wearable,5
glitches,3
readers,2
unfriended,2
surprises,2
admission,2
signals,4
parents,12
homeland,2
presidents,2
australia,4
victims,4
emergency,3
format,2
couple,2
wives,2
suffering,2
quest,3
buyout,6
projects,5
imposed,4
d,4
communications,3
fiscales,2
reduces,2
carryon,3
flat,8
senate,21
spring,10
palm,4
jimcramer,2
curious,2
sprint,11
resolutions,5
broadband,2
dating,6
montréal,2
word,12
agreement,5
numéro,5
bv,4
bw,9
bp,7
wells,3
132m,2
anything,5
allcash,3
financières,2
watchlist,2
repair,2
clinton,3
intc,2
intl,2
uncertainties,2
arcade,3
spam,3
spending,27
submit,2
crackdown,7
9bn,3
suit,5
opens,17
mixeduse,2
slump,7
divestment,6
link,11
pacific,2
cleantrillion,2
line,16
pain,3
posted,12
cif,3
eroston,2
antitrust,2
cio,3
morocco,2
un,24
yellen,8
uk,52
medical,16
aerial,2
picoftheyear,2
influence,3
diverse,2
chat,14
nationalism,2
codes,2
upcoming,9
definitely,3
guardiansustbiz,3
robots,3
diaosia,2
aust,6
reinsurance,2
ago,8
agn,2
land,7
thestreets,3
algorithm,2
age,21
norwegians,2
summit,11
dot,2
oracle,11
fresh,7
hello,5
prizes,4
code,13
ashamed,2
advisory,4
essar,2
41014,2
stops,3
turkish,3
young,25
send,9
philwahba,2
citing,4
outlooks,2
sent,2
retire,12
hsbc,2
continues,6
etrealestate,4
continued,3
fewer,5
try,11
massachusetts,8
594,3
licensed,2
recruitment,5
video,88
dynamics,12
victor,2
graduating,2
index,28
disponible,2
multimedia,2
indias,2
richmond,2
indian,5
turnaround,2
firms,22
bird,4
thin,3
led,5
women’s,2
tsla,13
leg,4
busy,4
poverty,5
exxoni,2
great,110
receive,6
involved,7
casino,3
survey,13
derby,3
opinion,4
residents,2
makes,38
maker,6
thats,20
marc,2
335,2
siri,5
331,2
tools,11
standing,2
confidence,21
zip,2
transplants,3
illegal,4
ministers,10
next,83
bonds,28
midday,10
pfe,5
ackman,3
canadianfinance,2
patrol,2
sharply,4
baby,9
payrolls,4
leonjward,5
gherkin,2
customer,7
devant,7
sabr,4
challenge,10
pour,38
mattzeitlin,2
booking,2
process,5
high,55
nears,3
slip,6
bivideo,7
delay,3
pair,3
animal,2
comedy,4
intelligent,2
honda,2
blocks,5
npa,3
tied,2
weighed,3
idfc,2
fits,2
ties,5
npp,2
npr,4
appoints,3
boeing,4
counter,2
robot,2
commodities,5
volunteers,3
houston,5
producer,6
move,28
warren,23
perfect,9
climatechange,11
2015,16
2014,114
2011,4
2010,5
2013,39
2012,5
prosper,2
borsaistanbulen,4
americasaves,11
kiss,4
ryanruggiero,3
presidential,2
bas,2
denzel,2
shortage,2
accounts,14
francisco,2
glasses,2
eastern,3
hathaway,8
doing,23
tstnewsmakers,3
society,24
books,7
spiritairlines,2
shannon,3
bag,4
re…,2
edmontonchamber,2
bac,17
shut,3
temps,2
grilled,2
regulators,6
regulatory,2
ofer,2
spill,5
emplois,4
dernière,2
davis,2
fda,3
scene,7
iht,2
buytolet,3
owner,32
nyse,6
start,38
ordering,3
system,18
painful,2
lot,21
thestalwart,5
societies,4
enernoc,2
fmi,3
botox,2
steel,5
extraordinarily,3
briefing,7
steep,2
for…,2
collecting,2
c…,3
partnership,5
tonight,9
clearly,2
househunting,3
documents,7
satoshi,3
4000,3
mills,2
best,116
korean,5
toughest,4
worldwide,3
02,9
courtesy,2
visa,3
e…,3
device,4
peta,2
segment,4
stronger,6
face,27
steverepak,8
preplan,3
laurenlevi,3
fact,2
bgpnyc,6
rings,14
bring,14
dbs,2
economist,14
decade,3
podcast,7
should,102
jan,13
tape,2
pfizers,5
meant,2
insight,3
handle,2
means,15
cnbc25,23
webcast,2
shaping,2
reit,4
denmark,2
taxes,25
stuff,7
dallas,6
ohio,2
russellrhoads,12
diystocktrader,3
strengthened,2
temporarily,2
bts,2
andover,3
edition,6
packed,2
nationwide,2
nuclear,6
nominees,2
youll,8
email,21
ends,5
explosive,2
gu…,2
lawsuit,9
marty,2
restrictions,2
figured,2
tlt,2
invited,2
ramp,4
drug,11
figures,9
heart,4
réduire,2
adjusted,8
cc,21
570,2
carbon,17
cr,4
labor,9
undergraduate,4
ct,7
cancer,9
gillette,2
powered,3
taste,3
thieves,7
hottest,2
waste,5
eurozone,5
scotcharityreg,4
allergan,6
altruism,2
spain,12
theyve,2
cvx,2
priti,3
rbs,11
chambre,4
expiration,2
rbi,18
rigged,5
ultra,4
rba,7
registered,4
site,14
vs,35
vw,2
vz,5
sits,2
moves,11
matthew,2
cope,2
android,4
twoday,2
une,9
bali,2
drink,5
simonmgillespie,2
forecasts,5
dust,2
ikea,2
afghan,2
identity,10
audit,7
off,71
indonesia,2
jessica,3
350,7
diversify,3
audio,4
coins,2
moments,4
loeb,2
opus,2
predicts,2
paul,16
web,10
adelphiberlin,2
clipped,2
brianstelter,6
trainee,2
increased,6
government,42
checking,5
five,16
tick,2
moneysmart,3
become,14
waltham,4
replacement,2
poor,11
clip,2
12pm,4
championship,2
choosing,3
ballot,2
recognition,2
merge,2
literally,6
avoid,16
delivering,2
does,29
keystone,5
bloomberg’s,2
mbaldrica,7
pressure,9
targeting,2
loans,21
stage,4
puts,20
debentures,2
35foot,2
angeles,4
union,10
documentary,2
peak,8
achtklaasen,3
mamtabadkar,2
budgétaire,6
who’s,3
roads,2
charities,41
terminated,2
spouse,3
commission,17
byheatherlong,7
housing,22
spots,4
yrs,6
building,28
offices,3
caseshiller,7
delivery,6
valuation,7
count,2
leadershiplessons,2
official,15
excitement,2
placed,3
frequency,3
problem,16
irish,26
contribute,5
nouvel,2
slowing,3
jesse,6
spéciaux,3
compared,2
deadly,5
forests,4
lately,2
details,20
monday,7
outlets,2
chance,10
repeal,3
inspiration,2
ghost,2
rule,9
status,7
pension,29
rural,2
child,7
yikes,2
mansion,2
integrity,3
stresstest,2
mieux,2
worth,24
mania,2
rec,2
gentiva,2
electronics,2
chtycommission,19
cmg,5
cme,2
exprimezvous,2
math,6
indices,2
upholds,2
phoney,2
jpmorgan’s,2
phones,3
activités,2
aztecmuse,3
chef,4
preaches,3
newswirefm,4
hmtreasury,2
machines,3
topup,2
everyones,2
microsofts,2
deliberate,2
above,12
toll,2
officially,2
beingfrugal,2
told,16
crunch,2
sinks,5
richest,6
wednesdaywisdom,5
protection,10
commentaires,2
celebration,9
daughter,2
items,3
study,37
gld,10
gle,2
doubling,2
anchor,4
smoke,2
que,9
remembering,2
secure,12
opportunities,2
total,15
plot,2
liftoff,2
negative,7
comcast,12
award,17
aware,2
lowcarbon,2
interaction,2
harnessing,3
pulitzer,2
1995,2
wore,2
player,2
cant,18
era,2
transparency,3
555,2
cited,2
india,20
550,3
david,11
cites,2
recovery,14
provide,3
ie,4
croissance,10
interview,26
offshore,3
pizza,9
transforming,3
huskies,2
earlier,5
lab,4
networkedmanufacturing,2
tackle,9
suing,2
law,18
homeowners,6
greek,9
green,36
waitress,2
fan,6
order,8
office,19
awful,2
innovative,6
japan,18
tomsteyer,2
mayor,9
somewhere,2
highlights,8
christie,2
production,5
quant,2
versus,8
eventually,2
coffee,8
affected,4
bans,6
safe,12
break,12
band,4
bang,4
reaches,3
lifelong,2
google’s,2
bank,144
unfccc,7
higgins,2
l,4
worldclass,3
rocks,2
tomkleintk,5
samsharf,2
370,3
feeds,2
pimcos,2
lifted,6
schemes,4
meets,7
innocent,2
crimea,6
flock,2
network,16
medicine,4
foxbusiness,9
standard,13
campaigns,7
valuenature,2
ramseyshow,6
ticket,2
recovering,3
created,7
refugee,2
can’t,5
weeklys,9
kim,4
41914,4
unauthorisedly,2
another,39
electronic,3
instagram,7
agriculture,2
mcgee,4
rates,48
cmegroup,2
john,12
damaging,5
opting,2
centuryold,2
december,7
target,15
hike,12
scenes,2
ebay,21
merck,8
scotiabank,2
historical,12
powers,3
cork,4
asktwtr,2
bbcwomanshour,2
italy’s,2
approaching,3
stalls,3
forced,5
livermore,3
indexes,8
luxury,7
forces,2
middleclass,2
circles,2
acquire,2
muckrakerpress,2
bruce,3
ebook,3
involving,2
germany,6
quicktake,3
scripts,2
phase,2
calif,4
neighborhoods,2
cre2014,2
yours,3
40year,2
sun,4
southborough,2
reserve,5
renting,5
mainstr,3
applauds,2
dearness,3
anniversary,5
lebanons,2
toast,3
guidance,6
yen,3
bladins,2
version,5
gideon,2
smiths,2
dd,2
de,117
dc,5
4142014,6
du,95
dr,9
budget2014,4
runs,5
emc,2
covering,3
410,2
rung,2
1382,2
secretary,6
miserably,2
analytics,7
projections,3
discussions,2
co2,4
draws,2
away,32
compensation,6
réserves,5
accord,2
terms,8
wb,2
wa,3
wo,6
peterheadcbe,2
wh,5
terme,2
packages,2
received,2
climate,97
darrenheitner,2
ill,6
cof,2
coh,6
com,3
negotiation,6
widen,2
spluttering,2
royal,5
parijakavilanz,2
speak,8
japans,8
strong,17
nomura,2
buffett,21
sachs,4
axis,2
hmrc,4
families,8
cleanenergy,4
wbinstitute,3
applied,2
tide,6
has,155
launches,21
air,29
aim,6
egovernment,2
theeconomist,4
aid,18
aig,3
property,21
launched,7
mistake,5
cons,3
confirmed,3
patent,4
retirees,4
avoids,2
advertising,10
wheel,3
independent,4
plating,2
blames,2
outperformed,2
rain,2
hand,10
norwegian,2
thx,3
1975,3
min,4
eps,13
options,51
contact,2
the,2163
photo,26
newton,2
quotes,4
thanks,31
victim,2
repost,2
adding,2
hills,3
josh,2
sochi,3
passive,2
countrys,3
shout,4
spread,2
board,14
stuartco,2
dignity,4
pdacosta,2
cape,2
progresses,2
retreat,3
tapering,4
wearecoy8,3
erikschatzker,19
xbox,8
securities,3
night,22
security,19
soar,5
kearney,2
sends,7
toys,2
born,2
économistes,3
confusing,3
denies,2
putins,5
comments,8
mulls,3
asking,5
honoured,2
beating,2
participation,10
1974,2
deflation,4
marketing,7
graduates,4
restructuring,4
graduated,2
evernote,2
post,27
dothemath,2
fridley,3
months,38
banker,6
shjobs,200
tonights,2
xu,2
payx,4
pays,13
prisoners,2
float,4
delighted,4
sapvoice,2
gearing,2
balanced,6
cnnreliable,3
dreamliners,2
available,16
sovereign,3
fight,8
ganja,2
was,67
war,17
lowest,12
becoming,7
elderly,3
true,2
consultants,2
maximum,2
emotional,2
promises,2
tesla,12
evidence,8
expertise,3
promised,3
physical,3
dying,2
stake,10
reality,5
negotiators,2
macmillancancer,2
interested,6
holding,7
test,10
shrink,2
donneznous,2
scored,2
mentor,2
welcome,7
convincing,2
update,36
minimumwage,2
together,9
hbp,2
n100,2
trevortimm,2
lineup,2
sujet,14
a…,5
dance,4
global,62
underwriter,7
battle,11
ufile,4
mesures,6
zone,6
graph,2
obamacare,11
giga,4
southwest,12
mmarquit,10
vegas,3
anonymous,5
trouble,7
blast,2
vxewz,4
wisnefski,3
markminervini,6
p,5
informaticacorp,9
guy,8
brave,2
cost,52
scarcity,4
proudtobeirish,2
appear,2
shares,65
hdfc,3
shared,3
appeal,3
supporting,6
explosion,3
antderosa,3
mliebreich,4
appears,3
change,58
sending,2
grâce,4
tericettina,5
trial,8
domains,3
retired,3
hiking,2
extra,6
lending,9
échanges,4
retires,2
market,134
manufacturing,8
prove,6
wonderful,3
bury,2
resigns,3
live,111
4252014,9
commissioner,21
club,14
irishtimes,2
bradleydaviswsj,2
justinwolfers,5
mlf2013,3
migrants,2
ibm,19
bits,6
car,36
ibb,4
cap,6
cat,4
hope,6
cam,2
investissements,4
spx,24
spy,18
citizens,7
hears,2
heard,7
fortunes,2
74476,2
productive,2
bankrupt,2
discussion,9
spreads,5
magazine,6
write,6
timharford,7
economy,61
pièces,2
product,15
aon,2
dive,3
aol,9
southern,4
heartbleed,5
osborne,7
nomination,3
remember,6
futures,15
paramore,2
apartments,9
exchanges,6
recordbreaking,2
brain,4
managers,12
cold,4
still,40
cola,15
recalling,3
rooftop,2
ecclestone,2
dÉtat,9
daction,3
cfigueres,13
amonemoney,6
norway,6
questrade,2
halt,3
nok,2
scaling,2
wealthy,2
recap,7
nov,6
nos,2
wont,20
commuters,3
drop,22
h,3
em,4
el,3
domain,7
en,44
starts,12
challenges,6
sandwich,2
ex,2
eu,22
et,71
happen,2
album,2
accomplish,5
space,12
looking,36
wertz,2
fargo,3
faitaucanada,2
shows,26
cars,14
inevitable,4
card,32
care,23
krein,2
transition,3
british,7
promotion,5
1230pm,3
515,2
xl,5
striking,2
flipping,2
yourself,18
xx,2
arora,2
impossible,2
tomorrow,21
size,3
sterlings,7
checked,2
caught,5
friend,12
mostly,3
brains,3
taxation,2
refunds,4
efilers,2
professionals,3
television,6
travis,5
optimism,2
apples,13
accessed,2
browser,2
tdrsmusic,26
investors,82
correction,4
premier,2
tischendorf,4
anger,2
breakfast,12
recover,2
form,4
youdecide,2
there’s,2
terrific,3
chefs,5
online,28
switchfoot,3
topping,2
heaters,2
price,50
financescanada,3
america,43
michelle,3
dream,6
implications,2
professional,9
filing,6
superior,2
german,2
warpaint,2
mashable,2
fifth,2
ground,8
upgrade,6
ratio,9
title,5
3month,2
columbiajourn,3
cannot,4
timessquare,3
celebrate,8
leather,3
interpersonal,2
losers,11
husband,3
flooding,2
concert,2
concern,3
3,77
skyscraper,2
between,20
ytd,10
notice,2
unleashing,2
hurts,2
article,15
cnnmoneysmbiz,7
depeche,2
comes,17
nearby,2
madness,2
ldelevingne,3
looms,2
learning,7
bitcoins,2
oliver,2
cycling,3
cares,2
rebuild,5
systems,14
circulatingthis,2
debtfreeguys,5
external,2
developing,5
wealthiest,3
shawcross,2
consults,2
pleads,4
embrace,5
ship,3
cmcsa,8
develop,3
rétablir,2
media,33
ceo,98
inquiry,10
auspol,3
etf,10
finish,3
arctic,2
fruit,2
investigates,4
burrito,3
charges,10
moodys,4
charged,4
noam,4
armour,2
consommateurs,8
oscars2014,2
touch,4
speed,4
jgolden5,3
euros,2
thinking,10
versa,3
struck,3
momentum,10
real,38
bryan,2
read,43
amb,2
gonna,2
early,16
ce,2
listening,4
amp,389
execution,2
psu,3
fortune,5
endorses,3
benefit,14
t,9
output,7
htt,2
asmarterchoice,5
oscars,5
refresh,3
hbrwebinar,2
bigdata,3
conservative,2
deficit,3
dies,4
fullyear,3
hustle,3
communiqué,2
business,200
sixth,2
exciting,4
comparison,4
central,18
priti4witham,2
chop,2
journey,4
palma,2
leur,3
outlook,21
protests,4
youd,2
snapchat,2
odd,3
heated,2
progressminnesota2014,4
shrinking,11
intervention,2
prepare,2
area,5
etftrends,3
lol,3
los,4
cats,3
low,35
stars,6
brooklyn,2
jones,8
europe’s,6
pitches,2
41614,2
pitched,3
trying,10
fraud,10
default,4
paychex,3
builders,3
600,4
moved,8
sales,68
simonablake,2
credibility,6
mating,2
gambling,2
forcing,2
suites,2
onestop,2
pimmfox,8
registry,2
coverage,8
fiscal,12
controlled,2
profits,22
hs…,2
overseas,4
joins,19
tomorrows,3
gwph,6
month,30
deadline,11
cameron,4
atlanta,6
icons,2
barrick,4
wmt,3
pricing,6
safety,3
pledges,2
twothirds,2
vers,2
homes,10
very,23
selfies,2
balancing,2
decide,5
welcoming,2
austerity,9
sverige,2
bove,2
louis,4
220000,6
sarasjolin,2
streets,3
nearing,2
apologizes,2
consumers,11
witnessed,2
investing,34
berkshires,2
certificates,2
learned,7
hijacked,2
friday,23
answers,3
modular,2
uneven,2
iraq,3
pepco,9
labs,2
ahead,35
inspired,6
losses,8
creepy,2
amount,4
base,4
arent,9
wearables,3
family,23
requiring,2
gandhian,2
ask,14
aimed,3
huis,2
flaws,3
takes,19
fcacan,3
sbux,2
oecd,2
taken,5
authorization,2
pixar,2
m83,2
broke,5
factories,4
producing,2
littératie,2
offended,4
nebraska,5
nine,2
budgets,2
history,19
pushes,5
mattlevine,2
boycott,4
arabia,5
lacks,2
utilize,3
anz,4
surpasses,2
ft,16
tried,3
bloombergtv,10
naughton,2
fb,13
ff,14
roundtrip,2
anytime,2
bienfaisance,4
renewing,2
ego,2
crafts,2
banks,62
inline,2
egg,2
lrt,14
help,78
treasurys,3
administration,2
worldbank,11
soon,29
held,6
committee,5
committed,2
hell,5
mcdonalds,7
401k,5
taxpayer,2
fined,8
botched,2
actually,20
absence,2
founders,7
d’impôt,2
governments,2
fines,4
evening,3
motivated,2
yo,2
food,9
onehour,2
ausgovit,7
starbucks,5
yr,2
staples,2
fully,3
stopped,3
die,7
heavy,2
inspirational,6
moneyning,8
beyond,17
event,13
dominates,2
qampa,19
robert,2
since,41
publish,4
trusts,3
sustain,2
7,26
issue,18
asx,7
exitems,2
houses,2
reason,6
put,29
launch,24
americas,20
american,34
freakingbudget,2
partnerships,2
191k,2
consultations,28
fischer,4
mise,10
miss,18
horse,2
station,8
daveramsey,28
scheme,14
jeanchatzky,4
selling,15
storm,4
jordan,2
financing,3
grew,6
performers,2
mamasmashup,2
store,4
toward,3
paddycosgrave,2
cnnmoney,6
vulnerable,4
lie,2
evasion,2
scotland,3
labour,9
towards,3
hires,4
quote,5
hired,4
sponsored,6
greystar,2
alpha,2
approved,2
salary,3
mobile,27
clear,5
foxandfriends,3
clean,16
physics,3
shirtsleeves,2
ravi,2
weiboipo,2
annuities,3
coaster,2
samir,2
northern,6
justice,5
clicks,2
less,25
flights,2
succès,2
pretty,6
règlement,2
sacole52,3
cnbcsportsbiz,20
grocery,3
famous,2
feels,5
montre,2
“it,2
during,13
theeiu,3
alexander,2
withdrawal,2
x,3
5p,2
scanning,2
culture,10
engineers,3
protecting,7
close,26
pictures,4
wow,5
dreamsoffash,4
won,7
probably,10
conditions,9
pictured,4
grea,2
stagnation,2
missing,6
humanrights,2
ctymkiwcnn,3
tablette,2
league,7
thebudgetnista,5
mega,4
secrets,3
buzz,3
hackers,2
jeff,4
whatever,2
steely,2
rebate,2
rspcas,2
momo,4
generating,2
lived,3
lives,10
compromised,2
affiche,2
governor,6
pace,5
while,16
match,5
shift,3
docteur,2
guide,12
costly,3
voters,2
jpy,2
moneyqanda,2
ready,28
fannie,4
anymore,2
grand,8
conflict,3
used,8
ratings,3
bonus,9
feds,4
user,17
005,2
haunting,2
jour,6
yuan,2
funder,2
older,8
increases,4
obviously,2
auditor,10
savvy,4
gsk,4
ambassador,2
bearer,2
desk,2
startups,10
retirement,33
informal,2
guaranteed,2
thestreet,4
chairman,12
allybank,4
march,36
game,23
impacting,2
signal,4
toyota,13
actives,5
translates,2
eem,6
popular,11
fathers,2
creation,2
urbe,2
lahey,2
trends,5
economic,60
qatar,3
everybody,5
eating,10
fomc,2
rebates,2
step,11
cyberattack,2
sanofi,5
cgt,2
rut,2
wealth,31
shine,2
faith,2
wouldnt,2
tharman,2
block,7
ida,2
within,8
drain,2
cop18doha,6
pentagon,4
rolls,2
intelirl,6
bangladesh,4
l’appui,3
consultation,8
heritage,4
78,3
himself,5
russias,4
frost,2
reyinsurance,3
properly,6
authority,4
budgetfinance,4
branch,2
russian,9
info,8
uber,7
cba8,2
cnnmoneyinvest,11
fears,4
fearr,2
imfnews,2
application,2
politicians,2
department,9
manhattan,7
draw,3
reportedly,3
william,6
est,55
amnestyuk,2
structure,3
kors,5
required,3
youtube,3
novartis,2
itpa,2
heats,3
leveraged,2
gt,9
gs,3
produce,3
ge,27
infographic,4
gm,18
tweeted,3
kate,5
outperforming,4
excluded,2
friendly,2
facebook,34
polcan,12
oneday,3
bxy,5
gender,5
michael,12
ryan,7
nouriel,7
bxm,3
kimoon,2
québec,2
boots,3
jump,14
picked,3
twitters,12
click,2
pinback,2
aiogroupsave,3
plays,4
volatile,4
commercial,6
isn’t,5
ramsey,8
focused,3
ioerror,2
copyright,2
withdrawing,2
smallcap,2
640,7
products,9
648,2
juniorspiders,40
gene,2
patents,2
danger,5
shake,2
win,32
manage,18
classrooms,2
gimmick,2
alphatrends,2
announced,5
shanmugaratnam,2
remains,3
qualcomm,2
camera,5
vehicle,2
panel,22
reflects,2
milliards,2
started,10
becomes,7
econ,4
lifestyle,3
isas,6
zillow,3
announcing,3
sanctions,29
ride,5
recession,28
meet,27
drops,8
kelligrant,2
control,6
beijing,5
links,7
providers,2
pulling,3
sought,2
founding,2
voice,4
pink,3
farm,5
ronald,4
heure,2
climatereality,4
fry,2
advocates,2
healthcare,9
executives,5
hblodget,3
longest,2
including,7
cruise,2
jnj,6
tieup,2
backers,2
pensioners,2
nakamoto,4
auto,11
commitment,10
hands,3
front,7
literacy,6
masters,2
fundraisers,5
university,8
shavingrebuilt,2
slide,4
dupontawards,3
crossing,2
seniors,4
globe,3
moneyhighway,2
mar,2
measure,6
hlf,5
margins,2
sandy,2
mat,2
activist,3
libor,4
cause,3
ecb,6
eco,20
recommendations,2
jampj,2
switzerland,3
completely,3
jampr,2
70c,2
route,5
florida,9
mac,8
keep,19
resumes,2
misses,7
samesex,2
mad,3
yong,2
sanctionslite,2
blogger,3
powerful,8
improving,3
such,2
quality,4
management,19
privacy,7
bears,2
revealed,6
superannuation,2
attack,6
sruhle,20
perfectly,3
tourists,4
punish,2
exactly,2
innovate,3
rsx,3
webdotcomtours,3
gestion,2
dumb,2
€1m,2
bet,2
unchanged,6
need,82
able,4
battles,3
ianhyland,3
coke,3
fuels,7
nytimes,3
cellphone,2
conversations,2
reminds,3
kospi,5
astonishing,3
construction,13
crore,5
affair,3
emerging,13
anyway,4
shield,2
partners,6
based,7
tire,2
winner,18
employee,8
slows,6
gsthst,3
purchasing,4
overall,5
mgm,5
joint,5
122,2
werent,2
buyer,6
thomson,3
secrétaire,2
evolution,2
places,7
tobacco,3
course,9
evaders,2
irishtimesbiz,10
climatefinance,20
wish,3
spotted,2
closingbell,2
omalley,2
pitch,3
humans,4
officials,2
ar5,3
genius,4
withprofits,3
mayflower,2
calhoun,8
canadiennes,3
written,2
neither,3
htt…,10
importance,9
milken,8
climatethanks,2
efficiency,3
key,27
approval,5
distribution,2
monitor,7
hits,16
limits,4
career,16
minds,4
bos,2
reutersinsider,6
expand,3
jersey,4
opposition,2
tuesday,6
maximize,2
ifthen,2
quit,6
addition,2
cent,13
quiz,6
diversity,2
both,4
sensex,4
vince,2
otc,4
tweets,7
controller,3
shortfall,2
smartphones,4
moyo,2
smurfit,2
harder,2
favoriser,2
invesco,7
myfabfinance,24
rétablissement,2
cocacolans,2
unsure,2
views,13
parts,6
speaker,3
underground,2
transformative,4
unveil,2
inc,14
gaeilge,2
canadians,4
effect,3
boycottworkfare,2
fierce,2
spree,7
destruction,4
paycheck,10
homebuilder,3
i,195
obstacles,3
drone,2
energizer,6
47,6
restore,3
increasingly,4
charitytaxgroup,3
sources,10
mistakes,8
virtual,5
vxgog,3
headed,3
deposits,5
moynihan,3
natl,2
fate,4
howto,2
historic,2
burden,3
immediately,3
loss,24
lost,16
sizes,2
ashura,2
ring,6
roth,5
mattmiller1973,2
payments,10
lose,13
divest,7
page,8
shed,4
rachelcruze,31
twitter,107
987,2
shes,2
home,85
peter,6
hennepin,2
investor,10
demonstrates,2
sponsoring,2
filers,3
philadelphia,4
warranties,2
bolster,2
reaching,3
journal,3
monetary,9
expansion,7
garyvee,5
dun,3
freedom,7
£100m,2
washington,8
artists,5
couldnt,2
whos,2
utility,7
macroeconomics,2
inner,3
ricoheurope,2
oldify,2
sasireland,2
vannamle,2
north,8
hq,11
agrees,6
williamjluther,2
hk,6
neutral,3
gain,21
technician,3
highest,10
hf,2
eat,4
astra,3
hiked,2
oligarchy,2
limit,10
piece,10
penny,2
twist,2
beats,8
education,16
eric,4
contest,3
fifiaudley,2
coy8,5
star,14
stay,11
via…,2
116m,2
else,4
friends,9
samsung,15
students,20
recalled,2
amcafee,3
citigroup,3
todays,18
asias,3
dynamic,3
plenary,3
protest,3
asian,6
privé,4
pgpa,10
whose,5
fronts,2
calculate,4
segments,2
disability,5
matière,5
teaching,5
sorry,2
updated,4
rescue,5
voie,3
updates,18
reforms,9
affect,5
vast,2
skills,11
companies,56
solution,5
franchisees,2
clothes,2
10k,3
force,17
mpls,3
warns,13
japanese,2
across,11
likely,16
nem,3
watchmaking,2
wreck,4
asia,21
lights,4
prospérer,4
net,20
ever,20
navca,2
men,21
votes,2
met,6
mes,3
100,29
d’entreprises,5
105,5
antisemitic,3
taper,4
economics,17
credit,85
chrysler,2
bayer,4
tweet,12
fantastic,7
campaign,4
mobility,2
nasdaqomx,8
moral,3
broadcasters,2
counts,2
seedtoshirt,7
call,28
armh,3
recommend,3
type,2
tell,40
composite,3
wars,5
warn,5
disruption,3
berlin,4
girlguiding,2
cnbcnow,19
room,11
rights,12
ministry,4
movies,4
alleged,3
root,2
punk,2
foods,5
caused,2
savers,3
january,9
soros,2
the…,4
amazing,19
answer,14
faulty,3
squawkstreet,3
replacing,2
ovx,6
loyalty,4
fortescue,4
president,15
purchase,11
third,9
communities,3
grant,2
capitalism,3
maintain,2
operations,5
deck,5
640wgst,7
lockup,2
kong,5
famille,3
before,47
what’s,4
pharma,3
personal,34
better,45
differently,4
weeks,9
weakness,2
unemployed,4
gazprom,4
therapy,2
onethird,2
reopen,2
discipline,2
went,6
bond,29
covered,3
flacqua,2
principles,3
aide,3
taught,2
trading,76
merchants,2
lamonicabuzz,6
crucial,2
content,7
surprise,5
bestof,4
resume,3
econstyleguide,4
fédéral,11
peutil,4
etfs,7
longrunning,2
struggle,3
msmadammoney,8
7bananes,3
uses,5
isa,6
cleaning,2
features,2
economists,8
grade,2
featured,3
ditch,5
hood,3
climaterisk2014,12
girls,3
costings2013,8
hollywood,3
guidelines,2
convene,2
somewhat,2
begins,11
spoiler,4
désire,3
preparation,2
don’t,18
street,39
realestate,7
sees,20
modern,5
mind,3
mining,3
seen,19
seem,5
seek,11
tells,9
abroad,6
bengal,2
china’s,4
tunnels,2
clears,4
regular,3
ensure,6
neilirwin,4
broadcast,2
ministres,7
don,2
doc,2
alarm,2
m,5
dog,4
competitors,2
points,18
consumer,47
dow,12
hunger,3
foundersny,10
probe,10
ending,4
chartered,3
liberty,9
herbgreenberg,2
judges,2
weekends,2
sugar,3
folks,5
ronlieber,3
wearing,2
exports,10
stop,19
bcappelbaum,3
mutual,13
faitesnousen,3
sodastream,2
earn,10
fields,4
bay,3
bad,35
disney,10
ban,16
cofounder,4
testing,2
voxdotcom,3
zones,2
decided,4
patel,3
alanrhooper,2
subject,7
brazil,4
03,8
said,33
06,2
07,6
05,5
scrap,3
09,4
olympics,3
pets,3
pampg,2
profitable,2
lazy,3
harvard,6
nirmal,3
picking,3
omx,9
prudential,2
deregulation,4
against,35
flm2013,3
ernst,7
obamas,3
america’s,4
kaylatausche,2
vxazn,2
initiative,2
mostread,2
springs,2
asks,3
basis,5
three,24
tiny,10
managingthebull,2
detrimental,2
interest,30
basic,6
entered,3
website,21
deeper,2
kpmg,3
turned,2
mcd,5
tudor,2
sheridan,2
tank,2
forum,3
tudou,2
economies,2
near,7
balance,8
employees,17
slb,2
seven,2
doha,11
mexico,6
cann,5
is,710
ir,3
ii,10
fortunemagazine,4
im,32
il,2
stimuler,4
seattle,3
natgeospain,3
id,3
sever,2
grown,2
belle,2
smart2014,5
potentially,3
80s,3
i’ve,2
madeincanada,3
grows,4
bells,2
governors,6
bloomberg,9
opportunity,9
thoughts,6
kid,2
programs,2
settled,2
xjo,2
youre,34
glimmers,2
charity,59
practices,7
claims,14
paradigm,2
investments,17
left,12
protocol,2
adaptationfund,2
unfair,2
fighters,3
identify,5
human,6
facts,3
yep,2
yes,8
yet,12
note,3
buyers,17
matthewphillips,3
character,3
smartmoneytour,13
justices,4
wef14,2
save,48
bwld,3
opt,3
germanys,3
background,5
govt,8
dunstanprial,2
dreams,4
10year,2
eseries,2
deal,63
dead,7
intern,3
dear,7
scottcohncnbc,2
normal,7
unsg,2
bold,3
burn,2
fastestgrowing,2
super,5
empowerment,2
afternoon,3
islands,4
motivate,3
whats,25
agile,2
etobicoke,2
freetipfriday,3
selfie,7
down,88
lies,6
eircom,3
stall,2
flying,2
pensez,2
editor,2
offering,11
ncvo,15
ford,12
failure,3
lows,5
analyst,66
spacechaser,2
25th,2
builds,3
alstoms,2
sticks,2
classic,5
apporté,3
shia,2
covers,2
sale,26
etinsurance,8
digital,20
warehouse,3
holly,2
eap13,3
eap14,34
utilities,2
fell,5
authorities,2
transfers,2
weekend,10
billion,83
happening,5
annuity,7
fsl,4
daily,16
almanac,2
fossi…,2
managed,2
manager,36
milk,5
21st,5
flaherty,10
countdown,3
0,3
finally,15
marks,4
adviser,3
smartphone,10
billionaire,6
datafacts,2
ma,206
1994,2
évaluations,2
rebelling,2
limes,3
did,29
proposals,3
travels,2
diy,4
dip,7
round,12
dis,2
shave,2
starwars,2
olympic,2
raghuramrajan,4
run,22
rollingstone,2
mj,3
targets,5
msnrealestate,10
adds,13
heres,77
international,35
mellowwalk,4
transportation,5
guardian,4
ausgovfinance,30
french,13
earthquake,2
wait,8
box,3
hbo,2
comptroller,2
canadian,14
institute,12
roubini,5
uconn,3
09oslo114,2
bob,13
minecraft,3
boe,4
hbr,4
adjustable,6
flexibility,3
hotels,9
gap’,2
visit,11
france,12
insider,13
thru,3
vous,4
sharing,6
downtown,8
realty,2
olive,2
wsjmarkets,20
effort,6
fly,4
markham,2
tokyo,3
avoiding,3
yellens,3
reviews,3
growing,19
making,32
claim,4
crazy,4
plaza,5
unbundling,3
lobbying,6
council,4
inflows,2
woodbury,2
nyt,4
till,3
sunday,3
nyc,24
map,5
staying,3
may,123
max,4
sustainability,10
membership,3
mae,5
congressman,2
mocks,2
guys,3
grow,14
man,18
scrambling,3
womens,3
stressinoneword,7
neck,2
johnson,3
maybe,6
borrowing,3
avant,3
q,2
switch,8
jail,3
silence,2
jain,3
kavithadavidson,2
talk,36
lse,2
shoes,5
seeing,2
washingtondc,2
argues,3
stability,5
isaacleep,2
cuts,24
consolidating,2
setbacks,2
group,34
thank,9
interesting,15
telstra,2
yorkshire,2
listing,6
policy,28
mail,7
msnbc,3
main,8
texas,20
nouveau,3
tonic,2
finance,226
killer,3
sooner,2
kkr,2
lunch,6
xlk,2
beach,2
artist,2
£16m,5
boehner,2
gamble,3
rock,10
823,3
kkfunch,3
girl,7
canada,104
living,22
jackson,3
3rd,6
grogow,2
bailout,5
entitlements,3
dominate,2
correct,2
california,11
2014gc,14
lac,2
advance,4
language,2
62114,6
listings,2
owe,4
thing,17
ministre,47
waited,2
cheese,2
sabrecorp,5
fleeing,2
pae14,32
etopinion,2
americans,25
long,23
suspended,8
carry,2
corporations,2
1q,18
little,19
inflight,7
anyone,6
angelaeagle,2
1m,3
speaking,5
eyes,11
mifflin,3
hillary,3
11,20
10,80
13,19
12,42
15,28
14,11
17,11
16,13
19,9
18,17
esmedeprez,2
venture,4
were,50
alstom,33
topics,4
marijuana,5
freeadvicewednesday,2
conspiracy,2
comedian,2
20k,3
kevin,3
warsaw,3
speakers,2
efficient,3
potential,7
performance,5
switching,2
channel,3
bets,3
200,8
theatre,2
track,11
iwm,2
paid,33
complaints,8
gouverneurs,5
queens,2
colocation,2
especially,2
surprising,2
larry,3
backloading,2
8for30,3
pwc,2
shop,5
rating,10
show,82
régime,2
shoe,2
threshold,3
corner,3
fivn,2
data,76
evaluations,2
frequent,2
2526,2
dick,2
enough,16
black,10
nprnews,2
treasury,11
ges,2
ranking,2
contracts,14
merkel,3
employers,14
repo,6
nearly,12
richardbrutontd,2
econjared,2
yield,4
morning,48
miles,5
echosmith,2
finishing,2
worrying,3
lyft,2
seat,6
jobs,286
calendar,5
wonder,2
civilsocietyuk,15
camping,4
enfants,2
forecast,11
behind,13
diamonds,3
reading,12
checks,2
infrastructure,4
august,3
approvals,2
jo,2
killing,4
rugby,2
chelsea,4
trader,10
trades,8
according,11
tour,9
holders,5
traded,3
among,10
hospice,2
cancel,3
themomiverse,7
considering,3
davedaily,5
irk,2
barry,4
mark,14
skyhigh,2
workshop,4
disappointed,2
shopping,13
30000,2
offered,3
wake,5
hardcore,2
those,25
mkearneycboe,2
disconnected,3
youku,2
associates,2
ignition,2
many,26
investigating,2
frankpallotta,2
middle,18
releases,10
purportedly,3
bettyintheloop,2
everyday,5
spaces,3
different,9
pas,2
pat,4
harsh,3
doctor,3
pay,69
same,16
mysteryguest,2
speech,5
pae,2
wellpoint,2
fiscaux,5
extended,8
billabong,4
running,11
driven,4
planetmoneynprorg,6
assise,3
totally,4
higherthanexpected,2
berkshire,10
mortgages,7
amounts,2
accountable,2
solve,2
bottle,2
easing,8
19000,2
peace,7
money,193
properties,5
mcdonald,2
tourism,2
pile,2
4,59
irishstatevisit,5
careers,2
grip,3
cboe,82
deepak,2
mon,3
mom,2
underwriting,3
aiming,2
adams,5
facing,4
chamber,3
audience,2
grants,2
either,4
hargreaves,2
appuie,3
slavery,2
ameriprise,2
gross,4
confirm,2
pioneer,4
critical,6
aussie,3
airways,4
problems,4
fitness,2
broker,3
broken,4
regulations,3
bloomington,2
island,3
violence,6
bonding,3
airline,8
youve,7
marriott,3
road,12
quietly,2
lands,2
biscience,2
airlines,12
uptown,2
eldisclimate,2
pharmaceutical,2
deadlines,2
unsettled,2
cortana,3
strikes,2
shortterm,6
téléphone,2
videos,4
deep,4
general,23
imagination,2
file,12
ipccs,2
lifetime,6
deed,3
syrian,2
film,12
fill,2
again,23
istanbul,4
retiring,2
hybrid,2
field,3
prism,2
oxfam,6
nasdaqlisted,5
sinopec,2
1bn,3
shelter,3
£125m,2
important,26
chris,4
harcourt,3
blasio,3
remote,2
assets,16
savechildrenuk,2
u,6
god,2
starting,15
colleges,2
forget,16
founder,12
dailymirror,2
dollar,20
talks,23
liam,2
children,11
internationales,5
they’re,5
premium,4
sitting,2
garvin1313,4
fall,39
paragparikh,3
010,2
haggling,2
mothers,4
wsj,13
independence,2
gc,3
20th,2
miniyacht,3
zero,3
perspective,8
lawyer,4
further,24
abc,2
niamh,2
abt,2
publie,5
public,35
movement,2
5000,5
coca,17
promising,3
operating,2
table,7
simcity,2
publishes,3
search,11
airport,5
usled,2
published,4
transit,5
africa,8
suits,2
twc,6
shareholders,7
eye,6
comparing,2
nasdaqindexes,3
scotia,2
41514,2
town,8
none,2
hour,9
congressionalbreakfast,6
recall,8
des,97
dev,2
pr,3
remain,5
halts,5
strategies,9
reaps,3
purchases,3
share,31
minimum,12
numbers,4
sharp,2
lloyds,4
needs,29
comfort,3
rapport,5
maps,6
businessinsider,2
yearround,2
ninagarcia,4
csr,5
crowdfunding,7
kitty,2
advice,17
par,12
alibaba,11
qqq,10
coming,32
response,7
équipe,3
tradeoffs,2
tweeting,2
hft,3
blunder,2
coal,7
responsibility,6
playing,6
surrealist,2
industrial,13
through,22
24,8
25,59
26,9
27,7
20,21
21,11
22,8
23,9
28,4
29,2
pct,8
late,14
reuters,18
misunderstandings,2
premarket,6
invaders,2
dolls,2
goog,11
someone,12
seeking,9
oxford,2
association,2
ashes,2
habits,5
2b,2
positions,6
2k,2
everyone,17
house,42
energy,70
hard,20
idea,15
oil,39
insurance,63
vxapl,5
lovers,2
funding,16
quincy,4
seiclimate,2
01,17
projected,2
acting,3
hanscom,3
powercues,2
print,9
disobedience,2
enforcing,3
pleasant,3
giveaway,6
members,5
backed,5
benefits,14
rejects,3
à,66
dont,69
embassy,2
done,8
wages,7
tedu,2
divorce,2
5th,3
revive,4
least,24
regulation,4
statement,14
opening,18
lease,2
jobtitle,10
park,9
part,39
doctors,6
believe,10
b,3
wetaskiwin,2
recording,3
2020,4
macro,3
interactive,2
d’État,9
smartmoneykids,6
ages,2
5214,2
hangout,5
aged,2
orders,9
built,2
fatca,2
lifts,5
build,26
commentary,3
signup,2
dayton,3
salmon,2
chart,26
abexlumberg,7
significant,3
services,21
w…,2
ko,5
2nd,2
charitable,2
weigh,8
joining,8
sector,39
gdp,26
thomas,4
cfgtweets,9
carne,2
outdoor,2
businesses,24
ambassadorpower,2
headlines,2
fine,16
networks,4
jyarow,3
giant,5
fredericton,2
merger,13
ruin,2
waiting,2
tera,7
toronto,9
52week,3
express,3
cheaper,3
bofa,10
breast,3
theft,3
collins,2
blogging,20
aereo,5
californias,3
zerohour,2
common,11
doubles,6
restaurants,6
vine,2
individual,5
retweet,5
lnkd,3
expert,9
please,14
fans,4
smallest,2
donate,2
iron,3
dividends,3
nashville,3
5ops,6
ecuador,3
folding,4
reverse,5
restaurant,8
newsmakers,2
annual,17
foreign,14
costings,15
supply,9
simple,14
bags,2
deposit,5
simply,3
throughout,2
expensive,6
jjsahadi,4
mixing prints,2
raise,28
create,17
treasuryau,15
creativity,2
rivals,4
secret,9
dropping,2
ireland,36
pikettys,7
parliamentary,3
meeting,30
slips,6
hikes,6
leonardcheshire,2
gay,4
gas,22
gap,16
understand,7
prices,56
wedding,2
chatter,2
replaces,3
solid,6
bill,36
convo,2
underwater,2
replaced,2
fun,9
redevelopment,2
vaults,2
century,8
cents,2
itself,6
prndi,2
sungardas,2
leaving,3
italy,4
discourse,2
development,17
keys,2
cloud,6
yesterday,9
moment,3
moneyries,2
koch,2
task,3
halve,2
spent,4
county,4
nordic,2
withdraw,3
swiss,2
spend,10
i’m,11
lottery,5
i’d,2
staffing,3
alternative,8
doran,2
letting,3
cup,7
source,4
boardroom,5
excited,10
saxton,2
taxman,2
big,96
rebound,9
matters,5
biz,5
bit,7
darling,2
mint,2
surging,2
bloombergnews,10
mediocrity,2
bamboo,2
google,40
often,3
collectors,5
absolutely,3
dawes,2
5172014,2
piketty,18
strongest,3
scale,2
pet,2
per,31
50day,2
atampts,2
bogus,2
nose,2
patient,3
retailers,7
taxing,2
300,4
paribas,4
continuing,2
undpasiapac,2
optimize,2
médias,2
chomsky,2
pfizer,21
slams,2
booksamillion,2
pollution,4
sungardasvoice,2
nsa,4
abusive,2
retailer,2
steady,2
neutrality,4
lesson,4
201314,2
bankruptcy,11
pharmaceuticals,4
mkt,2
forward,7
savemoney,6
invite,3
squawkcnbc,2
immigration,2
42414,2
boys,8
yeartodate,3
hopes,6
securitised,2
homeownership,5
planet,17
exploration,2
cbsmoneywatch,2
groove,3
consultez,4
images,2
single,8
curb,3
treaty,2
generationsfcu,9
thisisfusion,3
sandyfrucher,4
vxibm,2
minksorenson,18
intensifies,2
glamping,3
theconsumerman,2
prepared,2
cnbcfastmoney,3
cdnpoli,28
vehicles,2
today’s,2
bankers,5
2000,16
implied,2
presenting,4
2004,3
rallies,5
2008,5
2009,3
passé,2
71914,4
groceries,2
reposted,2
sharethis,2
huxley,2
whatireallydo,13
helps,6
lewis,4
quarterly,15
exit,4
maryland,4
fatal,3
bottomed,2
queen,2
dombisa,4
implicitly,2
putting,3
cctb,2
okayplayer,2
entreprises,12
entire,5
shock,3
gouvernement,13
havent,8
redd,4
netneutrality,3
glaxosmithkline,3
uncomfortable,6
dmsfunds,3
copenhagen,3
depression,3
chicago,14
giving,12
access,14
selfdriving,2
payday,7
3c,2
3d,6
body,2
pannel,2
exchange,18
sink,7
others,12
safer,2
extreme,3
39,6
38,2
talent,6
33,8
32,3
31,7
30,19
37,2
alaska,2
34,8
weekday,7
climb,3
named,9
votre,6
private,36
names,18
composer,2
scandal,5
gateway,2
lime,2
nobel,3
themselves,6
nflx,15
pursuing,2
payne,2
train,2
8,27
brokemillennial,2
iii,4
account,16
f,9
tunnel,3
closing,8
didnt,6
reserves,8
cnntonight,2
réunions,4
democracy,5
gcf,5
holds,5
afb,3
regions,2
winners,7
revs,4
stock,77
y,3
kickstarter,2
finatural,14
collection,4
mixed,4
preferred,2
gogo,5
bigsocietycap,2
guru,2
lines,4
chief,37
budgetblonde,2
despite,15
happiest,5
galaxy,2
bunch,2
industries,8
lg,2
le,113
la,95
winning,6
lt,3
willing,3
revives,3
lp,2
criminal,3
later,11
dan,7
cutting,4
ageingworkforce,2
climateprogress,2
february,12
airports,2
warned,3
bloombergnef,6
warner,7
liztait,3
daveramseylive,4
t…,6
administrator,3
slumped,2
programmes,2
popping,2
matt,4
announces,17
defend,2
rev,5
airbnb,8
openingbell,14
red,11
411,3
frank,3
payroll,4
meech,4
steak,2
allies,2
you’ve,3
retail,14
stuck,4
south,11
indie,2
finest,2
advisor,9
strategic,7
improvements,2
hurdle,2
foreclosures,2
reached,4
olins,2
revjjackson,2
gear,2
nobody,3
environmental,4
liés,4
financière,13
completes,6
ipad,2
loved,2
milkeninstitute,2
sweden,6
ebays,3
juliebentley,2
unlikely,4
cpb14,34
complete,4
congrats,8
ifcforumny,2
prorussia,2
mix,4
concerns,4
324,2
mit,4
dinformation,2
unless,2
agenda,4
randstad,2
eight,3
spains,2
transcript,3
payment,10
police,11
gather,5
graphs,3
callers,3
skinny,2
pmra,8
text,6
freemium,2
charles,2
portfolio,15
supporter,2
staff,36
inspiring,2
knowledge,5
sparks,2
reptimgriffin,3
controls,2
resubmit,2
satan,2
communist,3
pitfall,2
prépayées,4
beat,18
bear,5
paychexproud,2
perfection,2
timing,3
cop19,7
areas,2
blakeellis3,2
teams,9
fixed,14
waterworld,2
national,17
yearoveryear,2
greece,7
time’s,2
reform,10
homebuyer,2
progress,19
janet,4
rajeev,3
trillionaire,2
milliondollar,2
garden,2
instant,2
joke,4
taking,21
equal,2
thestreettv,2
passing,2
comment,20
695m,2
fostering,3
laugh,3
earning,2
iger,6
seasoned,2
proposal,2
annonce,8
choose,8
cartes,4
cop,3
bulk,2
bull,6
ap,6
appearance,2
value,15
promotes,3
adjust,2
counterparties,3
almost,10
dissent,3
linkedin,6
helped,5
gens,2
partner,8
shadowtweetando,3
hmrcgovuk,2
productivity,5
slammed,2
tumbles,4
uklabour,2
tighten,3
nokia,11
reporting,8
ios,4
healthrelated,4
tylercowen,2
center,17
annuel,2
weapon,2
seth,5
thought,6
procurement,2
sets,5
position,2
latest,35
stores,11
executive,27
domestic,3
clinic,2
seats,6
tough,6
lakh,2
4202014,3
ads,11
adp,9
lake,13
add,16
forbes,26
infographics,4
gms,2
adj,8
smart,35
tests,11
worldresources,5
articles,2
newsstand,2
dubai,2
motorola,2
success,22
journalism,3
works,5
soft,2
hain,2
hair,4
needham,9
happens,6
mampa,6
blackstone,3
newsmaker,2
screwed,2
chains,5
mode,3
pepper,2
host,10
carbonfinance,3
gifts,2
engines,2
daveainsworth4,2
aziz,2
hot,11
a5,2
powerpoint,2
childrens,3
terry,2
billions,3
brands,6
doesnt,6
female,2
1987,2
1982,2
pouvonsnous,3
confident,3
1989,2
rushes,3
biggest,48
buy,61
year’s,5
cpi,4
chicagoland,2
brand,17
565,2
longawaited,3
bug,7
wonkish,13
dangerous,2
rrsp,7
minutes,15
supreme,9
pic,2
blackrock,3
campus,2
48,5
49,6
46,5
corporation,3
44,2
45,7
42,4
43,6
40,11
41,3
drugs,5
special,21
a6,2
category,4
•,22
olavkjorven,2
…,30
philips,3
ipcc,6
–,48
—,9
yelp,4
4b,2
limited,5
quizzle,3
triggit,2
bushmaster,2
hate,3
crises,2
bureaucrats,2
commerciaux,3
under,24
348,18
lure,2
risk,47
rise,51
deloitte,6
every,25
jack,6
african,3
believed,2
school,17
greenbacks,2
enjoy,9
leaders,13
loi,3
estimates,13
direct,5
ausgovcio,3
estimated,8
blue,4
allowances,2
hide,2
supplier,5
supplies,2
reluctant,3
seeks,14
parliamentarians’,2
morningedition,3
kicked,2
endelevu,20
zach,2
licences,3
applies,3
hundreds,2
beck,3
studio,2
path,9
70s,2
startbeing,2
2040,2
auction,2
leaves,3
changed,10
sabreipo,7
analysts,6
changes,16
punishment,3
vacations,3
cnbcpolitics,2
kevinpowell,5
patience,3
hospital,6
asset,11
spike,2
preview,3
assessment,2
musk,5
mois,2
muse,3
phone,7
excellent,4
companys,2
must,22
abundance,2
mf,4
join,38
homepage,2
mo,6
mn,5
mu,3
mt,34
daft,2
mp,3
ms,4
mr,11
astaritamark,3
estate,25
lisanandy,3
story,30
attract,3
ceremony,3
end,46
returning,4
charging,2
cosign,2
wooing,2
mess,3
nspugh,2
amid,15
chartis,4
algorithms,3
enter,8
using,19
moncton,8
expects,2
presence,3
london,40
namas,2
journée,3
quebec,2
imf,18
clf,2
expectations,9
writing,4
destroyed,2
compelling,2
400,4
informatica,6
reformedbroker,2
rental,4
shadows,2
leading,8
detroit,5
victory,6
each,9
csfinance,4
signing,5
fidelityvoice,2
vxst,49
satellite,2
celebrating,4
saturday,3
lworters,2
brighterlifeca,2
goo,2
driving,4
swirling,2
gox,6
banning,4
got,25
newly,3
gov,2
gop,4
duponttalks,3
saudi,5
associate,8
hang,2
free,51
fred,2
glink,13
wanted,5
suvs,3
parlementaire,2
longterm,11
days,19
rand,2
rang,2
already,7
rana,5
discounts,2
gazelle,2
rank,2
hearing,3
fantasy,2
djia,4
primark,4
borsaistanbul,2
top,64
pre2005,4
bitcoin,20
fiction,2
too,28
janetnovack,2
percentage,3
urban,6
murder,2
tool,12
serve,2
took,18
negotiating,2
ibdinvestors,2
western,4
wardrobe,3
burger,5
final,5
10th,2
askforbes,4
supplement,2
bridge,4
rad,2
fashion,10
ran,3
talking,8
regulate,5
relatively,2
harper,12
snow,3
geffen,2
rides,3
though,2
uptrend,2
lists,3
coin,2
peers,2
enterprise,6
pimco,4
priciest,3
saga,5
labels,2
colors,4
radio,6
solutions,6
earth,7
grosvenor,3
minnesota,12
tries,2
gods,2
announce,11
chipotle,6
oct,2
taxmama,9
323bn,2
watch,70
movers,4
amazon,27
report,78
bloombergwest,4
xom,2
countries,10
dips,6
twice,8
mergers,5
habit,3
earthhour,3
capacity,3
interviewing,2
traits,3
approach,4
weak,15
metal,2
boss,13
thejournalie,7
news,74
improve,18
tpstvh,3
protect,13
bloggers,2
fault,3
players,4
games,6
faces,13
expense,3
vexed,2
betting,3
fared,2
trust,21
conference,25
jobless,10
beef,3
warehouses,2
been,52
quickly,6
submarine,2
beer,2
expected,29
cranberries,2
190000,2
900,2
catch,3
créés,2
kentucky,3
n,2
dept,5
sauvetage,3
220k,4
expenses,10
irda,2
experts,10
indigenous,2
roehrerc,16
efxfinanceblog,9
complex,3
inventory,2
advances,3
itrcsd,2
several,6
peaks,4
milestone,4
pick,6
buyback,7
cycle,4
shortly,3
prioritize,2
fusion,5
oscr,2
savings,23
greatest,2
mother,2
alarms,2
shadowed,2
proposed,4
unemployment,14
laptop,2
proposes,6
planetvoice,2
eli,3
pharmacy,2
jaycarmona,2
teenager,2
condos’,2
gave,3
cramer,2
msnnews,2
bands,2
breaks,6
sussex,5
cultural,8
zynga,3
judge,7
bandf,10
advanced,7
apart,2
melting,2
exxon,2
58,4
gift,9
55,6
54,8
57,2
56,5
51,3
50,29
godin,2
52,3
specific,2
you’re,5
officer,6
sperandeo,2
jazeera,4
hunt,4
incumbents,2
jennifer,2
malaysia,2
donald,37
election,24
nycjim,3
theyre,6
ici,2
combat,2
establish,3
reinvest,2
bps,2
herbalife,8
façon,3
cnn,2
christmas,4
ict,3
lampg,4
core,4
discount,5
corp,4
hst,2
plug,5
census,2
mccarthyryanj,2
attacks,4
sepa,2
dinner,3
plus,6
efforts,9
sept,6
duke,3
civil,20
puzzle,2
ppl,2
entrepreneur,4
explain,9
tribune,2
transform,2
class,28
gic,2
head,16
differences,8
wireless,3
dealbook,34
heat,5
uncle,2
solar,18
acupuncturists,2
bidu,2
bids,6
camaro,3
trim,9
estonia,2
trip,7
regime,2
nj,5
cos,2
tip,14
ne,2
til,2
ny,17
setting,2
picture,7
reconsider,2
football,2
younger,4
faster,6
australians,2
secteur,3
vietnam,4
serious,5
coach,14
llp,2
alternatives,11
focus,19
leads,9
foundations,3
smes,4
everything,12
hamlets,2
environment,7
charge,6
promoting,2
coût,3
cifaction,3
coop,15
advantage,4
sponsors,4
cool,7
earthday,9
level,10
posts,20
standards,4
phillip,2
quick,4
eday,3
pork,4
says,126
trend,5
cyber,2
port,4
stands,8
pleased,3
520,3
goes,29
poledycom,6
hairs,2
water,12
baseball,2
groups,6
micha,2
calgary,4
dirigeants,2
healthy,4
guilty,9
huffingtonpost,2
proud,6
bwpo,2
acupuncteur,2
nprfreshair,2
lowers,2
chromatics,2
cop19warsaw,3
morale,2
1st,11
scam,5
operational,3
crisis,26
russell,8
australias,2
athens,2
sports,10
msn,5
iphone,9
msi,2
australian,8
today,144
chapter,3
milford,5
riot,2
sessions,2
nasdaqs,7
whitbread,2
chocolate,3
fuel,8
boehners,2
insights,3
edible,2
local,10
10day,3
districts,2
Éu,2
aînés,3
ferry,5
roundtable,2
canada’s,9
streak,4
figure,5
amazons,2
moins,2
bezos,4
paula,5
jetblue,4
inheritance,3
1,59
coûts,2
fourth,3
speaks,4
levy,3
chrissmith813,3
cocktail,2
information,22
islamic,2
4th,4
tipped,2
classroom,3
branches,3
blackvon,2
commodity,3
mgr,2
wws,4
imminent,3
invests,4
fleetwood,3
recognised,2
refund,10
exclusive,13
scammers,2
undervalued,2
canara,8
organisation,2
cheerleaders,3
platform,7
offers,19
ppi,4
happened,4
nouvelles,3
gray,2
41414,2
14year,2
qualified,2
conquer,2
ppm,3
execute,2
equality,3
name,9
irelandinc,19
slumps,4
nbas,3
rethinking,2
qz,2
webinar,5
farewell,2
begun,3
hacker,2
profit,48
twtr,21
oklahoma,3
factory,8
cancels,2
scty,4
valeur,7
climatesmart,2
eagle,2
experienced,2
theory,9
l’acfcan,2
oasis,2
software,10
teachers,3
smartspending,2
unpaid,2
place,12
planetmoneys,2
1000,7
divorced,2
revenue,28
legislation,2
wave,3
soaring,3
kirstenacuna,2
george,5
millions,6
airbus,2
given,4
virgin,2
trillion,10
plastic,5
returns,19
finding,3
white,7
gives,7
excédent,2
hub,5
hasn’t,2
revue,7
season,12
alan,2
cheerleading,2
copy,5
population,4
oats,2
require,3
buzzfeed,4
computer,9
cards,23
outcome,3
transport,3
nfpsynergy,3
utilisateurs,2
rent,3
marathon,8
prosperity,2
haiyan,2
ideas,14
sciences,2
acquires,3
urge,3
sure,17
multiple,7
ceresnews,2
suri,5
fca,9
fcc,5
micro,2
cleared,3
probes,3
stocktwits,2
hear,12
senior,48
nightmare,3
prébudgétaires,9
cheap,5
spacex,5
raju,3
sulliview,3
state,51
crime,3
to…,6
believing,2
freebradleymanning,2
closed,5
expectation,2
tailor,2
hedge,8
coelius,2
freaking,2
closure,4
reveal,5
regarding,3
outperform,3
liquidités,5
paper,6
reveals,5
‘value,4
college,28
lng,2
fails,2
voluntary,2
mortgage,64
managing,2
review,31
outside,8
corybooker,3
caucus,2
wouldve,2
cities,26
reaction,5
ryanair,2
region,2
contract,8
mgrs,3
pot,5
period,4
pop,5
ecigarette,3
60,7
63,4
64,3
65,2
66,2
67,3
poll,8
turkey,2
pilgrims,2
peaceful,2
featuring,2
500,24
630,4
concernant,2
indirect,3
blessing,2
andrew,7
ucddublin,2
minister,72
spirit,5
pilot,5
case,30
myself,6
casa,3
amend,2
cash,37
cast,4
shops,3
budgeting,5
couples,5
author,6
irelands,2
reshape,2
bowl,7
check,35
shifts,2
buys,10
reminder,5
insurers,5
events,10
week,119
nest,8
1in3,2
producers,3
persons,2
modestmoney,19
changing,7
pae13,4
cartoon,2
secgen,2
renters,3
minimize,3
rupee,5
magical,2
analysts’,2
without,13
relief,17
model,11
reward,3
researchers,3
actions,5
clos,2
perilous,2
captured,2
blow,2
announcement,12
tim,4
rose,9
seems,7
it’s,20
tunisia,2
lets,6
poised,6
disrupt,4
inflation,24
theredddesk,3
accepted,3
nissan,2
buddies,3
donations,10
recalls,13
tower,20
reduced,2
fxic,3
nikkei,10
impôts,3
competition,10
calling,5
équilibrer,2
brothers,2
caribbean,2
d’un,6
dudley,3
legal,12
gvz,6
trooien,2
provider,4
42214,2
googles,5
quitting,2
cible,2
freed,2
communicate,5
publicisomnicom,2
volontaires,3
pastors,2
videocam,2
ok,6
oh,6
shrimp,3
fabiancapital,5
medicare,5
stand,3
ou,4
discusses,6
cambridge,10
communication,2
rising,15
gary,2
mental,7
jessesolomoncnn,3
celui,3
ferris,2
racist,4
valley,12
nloper,2
jun,4
—gt,2
cabinet,5
promote,2
longer,14
applying,2
natick,2
globalpowershift,2
chidambaram,2
taylor,3
cbi,2
cbo,3
minneapolis,4
cbs,2
britain,13
intro,2
politics,9
stpetersbray,2
rvx,4
spends,2
1bxm,3
5,81
separate,3
includes,2
perry,2
included,2
stocks,141
privatesector,2
missed,5
calls,33
invest,26
odds,3
wifi,6
websites,3
directors,2
protéger,2
expenditure,2
kimpton,2
chinese,24
lack,3
concept,8
ausgovbuy,2
follow,24
settlement,7
decisions,11
synthetic,2
apartment,9
catastrophe,2
l’emploi,3
thursday,2
program,11
midcap,2
presentation,6
activities,8
woman,9
worse,5
far,17
fat,2
worst,14
42514,8
greatpaying,3
fab,3
sony,3
sothebys,2
rebounds,3
offline,2
treating,2
stimulus,4
debtfree,6
list,21
solutioneers,2
lisa,2
programme,2
ten,9
tea,4
ted,4
rate,56
design,15
nbc,2
nba,51
sue,4
pinterest,2
brief,9
pcty,2
sus,2
sur,26
racing,2
guns,3
denimdaynyc,2
donnez,3
commonwealth,3
hightech,2
lukelandes,2
newmont,2
février,3
allows,5
supplements,2
suddenly,2
demands,2
jacobgoldstein,24
widens,2
prochain,14
markets,47
horses,2
inquisition,2
mellon,3
knows,5
definition,3
flag,2
floyd,3
tvlength,2
glam,3
known,2
wizards,3
v,4
alannapetroff,4
marketmakers,2
brown,4
court,21
rather,6
breaking,85
pbc14,33
explains,16
shouldnt,4
replace,5
adventure,2
short,13
irchat,2
september,9
outraged,2
isnt,10
stride,2
avenue,2
developer,9
style,7
mustread,4
mattress,5
resort,3
rubenramireznyc,3
stephen,3
soccer,2
might,17
return,22
impacts,3
clippers,60
number,13
party,10
l’équilibre,6
bigger,13
presented,2
raytheon,2
inequality,12
turns,6
difficult,2
weighs,5
nab,2
weight,6
generation,7
peeps,2
expect,10
alcohol,2
ditesnous,2
health,41
hill,6
teach,15
generate,4
thread,3
wlt,2
threat,3
avec,9
fallen,4
feed,6
4182014,12
feel,6
diller,2
feet,6
revolution,6
fees,13
slower,3
passes,3
vxo,3
vxn,5
interviews,4
tougher,2
vxx,8
passed,4
finances,72
gps,2
imperfect,3
option,9
pump,5
hotel,8
tarena,2
king,2
kind,7
houghton,3
double,13
dyson,2
dans,7
aims,3
outrageous,2
risks,15
breakeven,2
motivation,2
7k,2
forbeslife,3
jfahmy,3
7p,2
wilson,2
rochester,2
oitnb,2
sorenson,4
pmi,4
added,6
electric,14
exec,7
gild,8
goldman,9
reach,11
reportercorrespondent,3
react,3
75,2
72,3
71,3
70,6
nothing,17
boycotting,2
professionnels,3
won’t,4
windows,2
bencaldecott,2
traditional,3
88c,2
didn’t,2
fy15,2
consult,2
rts,3
costing,2
paylocity,3
penalty,2
iea,2
hit,25
gains,20
compiled,2
demography,2
fastest,10
banques,3
activity,7
sustainable,11
bars,3
art,5
defense,6
are,342
framingham,2
arm,2
declined,5
slapped,2
undp,10
unions,6
sabrecorps,3
corruption,2
korea,2
recently,9
creating,7
sold,24
attention,2
outfit,2
succeed,7
suivez,2
c,8
prescription,4
oversee,2
pete,2
became,4
lappui,2
finds,16
flier,2
tgt,2
reasons,24
sweet,2
csgovernance,2
obamapologize,3
decline,11
political,5
due,6
strategy,12
pc,4
reduction,6
pa,2
cop18,14
extends,2
woke,2
pm,32
socks,2
flight,7
1950s,2
defect,2
brokers,4
demand,14
instructor,2
plants,2
georgia,4
mercpartners,2
theres,20
minnetonka,5
dublin,13
disappointing,2
rio,2
ol’,2
santos,2
confirms,3
shirt,5
shire,3
9,14
higher,43
jimflahertyfr,10
mountain,2
utah,2
holidays,2
moving,8
weird,3
buybacks,3
lower,27
solide,3
analysis,9
photoshutterstock,3
edge,6
jtotoole,4
competitive,2
forbestech,3
questions,23
67c,2
tablet,3
workers,18
usajobs,4
customers,18
lovin,2
keelingcurve,3
moneychallenge,2
prebudget,9
téléphonique,2
message,4
9gag,2
ignore,3
essential,3
arrived,3
streaming,10
delays,2
pros,4
meds,4
prom,2
retro,2
innovation,25
jumps,8
martin,7
roundup,2
pipeline,7
cautious,2
davidgaffen,3
entrepreneurs,8
virus,2
dedham,2
charm,2
wanna,2
morningmemo,38
purporting,2
ht…,6
resilience,3
intraday,5
conqueryourdebt,2
alibabas,3
“i,3
mybeautifulearth,3
question,18
fast,11
files,12
plunge,3
filed,7
junior,8
raising,13
exc,2
114,2
liveable,2
116,4
participants,4
highlight,12
called,8
soars,2
112,2
coordinator,7
warning,3
rally,5
amzn,18
dépôt,2
disappoints,5
tesco,2
backs,5
highfrequency,2
income,32
nice,7
users,18
earnings,72
thefts,2
helping,8
spwr,2
samsungs,4
daly,2
suffers,3
vice,8
microsoft,26
intentional,3
once,16
miner,2
resistance,2
jimflaherty,39
steve,11
hs2,2
issues,8
simon,2
shanghai,6
stable,3
breach,8
include,6
dramatically,3
mainstream,4
spoon,2
duffy,4
notes,13
facebooks,8
deals,16
alltime,3
debuts,3
cfo,6
smaller,2
edina,2
cfb,11
reunion,4
growers,2
folk,2
gainers,3
find,35
casualty,2
capital,54
relocate,5
demolition,2
nazis,3
chose,3
degree,6
pushing,5
youngest,2
explore,4
sexy,2
ukraine,51
metro,2
larger,3
stupidity,3
engine,3
suggests,2
apple,53
deputy,4
apr,15
app,21
motor,4
apply,6
redo,2
fed,45
fee,8
feb,8
usb,3
usa,4
uso,5
few,22
allègements,2
eagles,2
subsidies,9
sort,3
journalists,3
women,21
topic,5
measures,6
anywhere,4
trackracing,2
tpb,4
tap,2
calculation,2
tax,170
weve,5
something,17
summers,2
united,5
six,15
change”,2
traders,11
instead,9
panic,2
tension,3
attend,9
tact,2
abuse,3
taco,3
dealmaking,2
readiness,3
rencontre,4
light,10
tickell,3
smartmoneysmartkids,3
tenure,4
alexatsp,4
martini,2
preparing,4
sanctioned,2
dépenses,2
131,2
130,2
looks,21
135,2
budgétaires,2
boosts,2
spotify,6
canpoli,13
permanent,2
yesterdays,2
orange,2
holiday,2
pending,9
crash,3
practice,9
ambition,2
financecanada,3
worlds,20
ftisa,3
nfl,5
secures,2
42114,2
trap,2
bills,13
eases,2
studios,2
83,3
80,8
81,2
86,2
85,5
lt3,3
sentiment,9
frontier,3
vct,4
autopilot,2
we’re,5
supports,2
8k,2
sweeney,2
ipod,2
cablegate,2
york,18
sabre,2
ipos,6
overtake,4
g,3
fitzpatrick,3
conversation,4
museum,2
covel,3
echo,2
ponzi,2
overtime,2
unknown,2
donaldsterling,3
accountant,35
showdown,2
shell,4
wbchat,9
slides,3
reflecting,5
july,9
boring,3
richer,5
frugal,5
patients,2
wsjbusiness,2
violets,2
teenagers,2
mogul,2
faux,2
5bn,3
catholic,3
51714,10
europes,4
agency,8
anglo,4
souligne,3
banquemondiale,2
soutien,6
clash,4
centre,2
collaboration,2
why,177
felixsalmon,2
deny,2
fiew,3
looked,2
bsurveillance,2
goals,12
emilychangtv,10
agreed,5
planning,22
democrats,3
99b,2
chicken,3
debate,9
q1,33
connaître,4
q3,5
q2,4
q4,6
2bn,2
thousands,5
videocast,2
cashchat,2
fabulous,2
b…,2
watching,9
irelanddaynyse,4
trishregan,3
ones,9
sues,2
words,10
spur,3
qs,7
suiomh,2
invaded,2
ended,6
married,2
view,10
myfabisless,2
celinaribeiro,2
hosting,4
closer,3
closes,9
commoditytrading,2
fastfact,6
favor,9
crude,3
stories,37
musks,2
blocked,2
bought,4
publishers,3
jos,2
weighing,2
ability,3
agencies,2
job,54
takeover,14
joe,4
swift,3
jon,5
vanishing,2
april,66
auctions,2
£100,2
mondayinspiration,5
wall,37
walk,6
subscribe,6
respect,3
blink,2
provinces,3
charts,10
responds,2
wisebread,13
emilycanal,2
mike,3
verizon,7
recherche,3
scrutiny,5
present,4
stunning,2
iamwill,2
wild,7
ringing,3
les,54
avp,2
avg,3
perhaps,3
member,8
largest,15
units,5
gets,24
civixcanada,2
residential,7
romer,4
student,13
lobby,3
warming,3
canadiens,6
whole,7
incredible,2
fighting,8
taiex,4
21000,2
half,7
fishing,2
mashelkar,2
brad,3
console,3
point,8
smith,2
janvier,2
discuss,10
ski,2
myth,4
ourfamilyworld,2
term,10
siemens,15
press,10
msft,11
helpful,2
perpetual,4
loser,2
loses,5
taxpayers,4
pullback,3
james,6
elerianm,3
wonders,2
technetupdate,2
rollsroyce,4
ftmoneyqa,4
church,2
platforms,4
growth,76
110,3
113,4
empire,2
employment,6
lead,10
lean,5
philosopher,2
leap,2
xkcd,2
leader,4
300000,5
birthday,4
relient,2
radiumones,2
11k,4
fords,2
rare,3
extension,4
getting,25
column,5
sectarian,2
surge,14
ndx,5
fear,7
that’s,3
urges,3
own,25
vxeem,4
41114,5
travelers,3
tag,4
weather,5
promise,3
ows,11
fired,3
hitting,2
transfer,11
apps,9
continental,2
funds,34
volume,8
squeeze,2
tobinaldrich,2
made,22
tactics,3
temp,2
whether,8
record,23
below,9
curveball,2
ruling,2
cake,2
15word,2
jenny,2
h…,4
meaningless,2
worthiness,2
économique,8
squirrel,5
diplomat,2
axas,2
percent,20
environme,2
agent350,9
book,32
boom,17
sick,3
moguls,2
june,13
margaret,2
pumps,2
ceos,7
tan,2
cliff,3
ranks,2
nhls,2
tensions,4
expands,4
