selvecricket,4
foul,26
four,53
woods,3
hanging,6
payoff,2
sevens,6
eligible,3
scola,2
unanswered,2
cfb,5
opener,2
figc,2
fastbreak,3
replaces,2
yellow,3
tbrownyahoo,3
bringing,10
prize,8
wednesday,19
miller,12
brewers’,3
second,76
melvin,4
maloney,2
stotts,2
sheer,2
thunder,37
mustsee,6
bonuses,2
hull,15
mccutchen,2
hero,9
reporter,4
donalds,2
backtoback,4
here,149
reported,16
guerrero,2
jarrod,2
previews,4
kids,6
clippersvwarriors,6
aug,3
k,11
auf,2
reports,25
aampm,7
kinsler,4
criticism,3
golden,16
9m,2
explained,6
replace,13
brought,4
stern,5
opponents,7
spoke,4
sergiomillar,2
music,8
strike,10
until,42
relay,2
successful,6
brings,6
yahoo,110
hurt,4
99,6
98,4
tying,3
91,3
90,15
93,2
hold,25
95,4
94,3
97,2
circumstances,2
locked,7
pursue,3
locker,9
gswfastbreak,2
famer,3
example,2
reviewing,19
absolute,2
complaining,3
travel,4
feature,4
revisit,3
hot,11
hou,4
chase,3
hoy,2
beauty,4
whitesox’s,2
wrong,6
barney,2
turnovers,2
effective,4
wins,49
18th,3
keeps,11
wind,2
gspringer4,2
kickoff,25
xgames,2
llibre,3
fit,7
rankings,11
fix,3
hidden,2
fim,2
lambert,2
similar,3
silver,83
saddened,2
rumour,5
ankle,10
cowie,4
timeout,4
myallstarteacher,2
gerrards,4
financial,6
commish,5
knockout,2
series,144
newsong,2
decima,2
wojyahoonba,11
message,8
rt,1726
drove,2
mason,6
re,11
encourage,2
rb,14
rm,8
rh,2
foundation,2
gameplan,2
39m,2
managerial,6
necessarily,2
alert,8
ate,6
atl,9
shelvey,3
abete,3
levels,2
tempting,2
zachlowenba,9
allianzarena,2
175,2
172,2
203,4
carson,2
basketball,30
service,3
nickname,2
touting,3
needed,8
toews,5
master,5
legs,6
bitter,4
listen,13
collapse,5
hows,2
positively,2
carrick,2
showed,10
nations,4
shower,4
feeling,11
este,2
blackhawks,10
we’ve,2
runner,3
boston,32
anthopoulos,2
joakim,3
themichaelowen,3
achievement,3
larryfitzgerald,7
andros,9
caplannba,3
metrics,2
johnnycueto,3
errors,6
letter,2
conceded,2
thriller,4
laughing,2
bradford,2
singer,2
johan,2
episode,4
professor,2
camp,9
tech,3
doesn’t,3
came,15
saying,13
meetings,2
hernanes,2
prix,3
participate,2
pnc,2
lessons,2
orleans,2
louise,2
theophilecatherine,3
mens,9
easiest,3
rick,7
rich,2
sabathia,4
rice,6
plate,14
giggs,66
spirit,2
tips,4
randal,2
7foot,2
nicely,2
roethlisberger,2
fernandez,4
release,13
respond,4
disaster,4
fair,6
warriorsclippers,2
recruit,3
result,19
best,138
jayhaykid,3
lots,13
gswlac,4
1030pmet,2
r,13
tbtimesrays,3
wizbulls,6
adnan,5
discipline,3
men,6
extend,4
nature,4
wta,2
ortizkicks,2
outcome,5
country,10
logic,2
nbatvs,3
argue,2
2nd,51
mcphee,4
102,2
250,3
251,3
tonyluftman,4
angel,3
pregame,6
union,11
strengthofschedule,2
much,45
stadium,54
criticises,4
counterattack,2
life,58
crying,2
25m,5
sundayooliseh,2
dave,6
lift,4
child,4
spin,2
indy500,2
hates,4
remembering,6
played,35
bowtiecause,2
marcandre,2
player,110
hong,3
bluejacketsnhl,3
things,29
acquire,2
demands,3
split,2
elliott,5
bid,9
european,22
fairly,4
tops,2
adidasfootball,2
photographers,2
ownership,6
rex,2
tune,24
manziels,3
lucas,9
hundley,2
fcbarcelona,12
stoudt,3
krod,10
birmingham,3
previous,7
alum,2
broncos,3
rosenberg,3
had,117
easy,16
prison,4
manfred,4
has,421
hat,13
cattermole,3
lovren,2
survival,3
possible,14
possibly,2
unique,2
desire,3
bobby,2
cavernliverpool,2
steph,15
right,95
old,40
ole,7
crowd,25
czech,2
crown,3
dorial,4
unis,2
daviscup,2
bottom,32
championsleague,28
yorks,3
defensive,26
losing,11
memorable,5
officiating,2
visitors,4
dollars,2
bynum,2
slightly,4
statements,3
marshall,19
garethbale11,7
son,12
raises,2
wrap,4
sox,31
waits,2
support,23
knowing,4
nova,7
harang,3
here’s,12
jonesn4mo,5
happy,35
offer,8
tigers,38
goodmanespn,8
nominado,2
fivethirtyeight,2
cala,9
duel,8
bobcats,43
inside,45
smashes,3
hodgsons,4
unanimous,2
molina,2
150,3
proud,6
bestpractice,2
159,2
tournament,7
uefacom,16
proves,3
exist,3
valenciacfs,5
negotiations,3
hamrick,2
holy,2
eventual,2
floor,11
role,18
closerange,2
xabialonso,4
roll,4
bucknellmenslax,3
primed,3
rocketsvtrailblazers,5
rolling,2
push,7
overturned,3
equalizer,2
cincinnati,2
whoever,4
304,2
zonalmarking,3
avalanche,13
skate,2
mertesacker,3
hole,2
92,10
torvsbkn,3
bogut,2
810,2
dleaguewarriors,13
també,2
96,4
otlonespn,3
choice,6
exact,2
minute,13
pogba,3
tear,6
leave,15
holliday,2
team,248
counterattacking,5
postups,2
prevent,2
findings,2
trails,5
prediction,2
sign,43
heavyweight,5
tompmcgowan,2
184,2
shirts,11
jameis,4
jamison,2
grandnational,2
outscore,3
current,7
remembered,2
knick,2
clamarchisio8,4
falling,3
boost,7
drafted,5
ufc,6
honour,3
yards,6
address,3
alone,2
along,14
longdistance,2
yds,3
neville,7
hansen,2
redemption,3
brilliant,11
alcaraz,4
heatherespn,2
myers,3
love,37
umps,2
sebastienloeb,2
ipo,2
ipl,2
espnmondaynight,3
utds,2
sky,6
msimonespn,3
working,22
positive,8
angry,5
tomorrow’s,2
predictions,8
wondering,5
believing,3
halladay,4
loving,3
mattantoine,2
apparent,3
oregon,7
monreal,2
everywhere,3
goodell,2
postgame,15
deserved,7
scholes,3
heineken,12
believes,6
following,18
awesome,15
nascar,12
locks,3
clippernation,2
unveiled,2
allowed,13
offense,14
winter,6
coleman,7
spot,29
uga,4
1stq,2
date,8
such,9
suck,3
natural,4
ss,10
sr,4
sq,2
sp,2
su,2
st,19
sandbox,2
grudensqbcamp,3
truck,2
201213,3
sl,5
sb,2
wolves,2
pulled,8
sf,18
se,4
garrincha,2
years,104
course,29
operations,2
thumb,14
jim,12
louisville,3
earnhardt,2
suspension,23
930,6
matches,8
mmqb,2
nation,4
records,5
arriving,2
runners,15
matched,2
tipoff,2
moundball,3
suspends,3
veins,2
quarter,37
revere,4
officialasroma,4
square,5
christian,3
crushing,2
15day,6
entering,9
bundesliga,6
9389,4
collisions,3
seriously,3
investigation,9
blk,2
internet,5
formula,7
dodgers,17
million,40
seventh,4
possibility,2
quite,14
windhorstespn,2
allstar,13
diarioas,6
enlighten,2
blackmon,2
remainder,3
night’s,2
training,14
washingtons,2
disguises,2
gordon,10
deadspin,3
scorers,8
fcbayerns,8
montreal,3
spanish,20
vote,14
open,30
goahead,3
city,133
okcvsmem,6
citi,4
2,206
draft,98
williams,13
mlbstatoftheday,2
suit,12
ridiculous,9
spursofficial,2
xrays,3
eyeoncbb,2
banner,2
rehab,5
future,26
heatvbobcats,5
prospect,15
clyne,3
san,22
sam,14
sac,2
turned,11
sad,9
allen,10
turner,13
saw,16
sat,4
warriors,70
sds,12
note,10
jefferson,2
iso,3
atop,4
statlineofthenight,2
hunt,5
knew,3
remarks,12
knee,16
aggiefootball,4
driskel,2
serie,3
average,7
phil,16
drive,11
federal,2
backdrop,2
getty,4
fifa,6
walking,6
beckham,4
turnberry,3
bright,4
“the,2
pacific,2
slot,2
mastercarduk,2
tears,2
going,95
hockey,8
carolina,6
assistant,21
condemning,2
jeffgurt,2
dtguardian,3
murray,8
awaiting,4
bolasie,2
430630,2
alkmaar,2
worried,5
midfield,2
barclays,6
roger,9
where,35
uw,2
espn,85
umichfootball,3
surgery,36
830,5
mannone,3
harvey,10
sponsorship,5
uconnmbb,5
dunleavy,3
jumper,6
what’s,3
jobs,3
kenrosenthal,13
screen,6
uconns,2
awards,8
whoa,2
jets,5
manu,7
many,37
lewishamilton,3
officialgretzky,2
mattnorlander,7
s,9
sandovals,2
carvajal,6
umspringgame,3
strategy,2
eyjr,3
twin,3
anti,2
article,5
marquette,4
math,2
derozan,3
teddy,6
stretch,8
west,47
combined,12
chrisbascombe,4
crawford,17
victorino,2
wants,26
anthonydicomo,2
photos,22
hashtag,6
uefacomrobd,8
former,59
espnandykatz,5
pacers,50
policies,2
situation,16
spotlight,2
kjmayorjohnson,2
harrisonnfl,2
hills,2
brom,7
technology,2
fame,8
verified,2
okcthunder,22
7777,2
underestimate,2
unionize,2
breakdown,4
swiss,5
missouris,2
firstround,5
harris,5
jefffletcherocr,2
costa,5
tracking,3
grantland,2
scholarship,2
216,2
summer,18
runmeb,2
210,3
being,36
rest,18
summed,4
weekly,7
occasional,2
totteringhams,2
nbaplayoffs,86
defection,2
g55cdr,2
around,32
unveil,3
dark,3
rmcf,12
insist,2
world,92
sensational,7
pole,4
kopitar,2
cueto,2
clay,2
64,2
inter,5
debut,16
replays,2
gianluigibuffon,3
diving,4
thinks,11
wiggins,2
poll,5
substance,6
memories,5
noon,14
gameday,5
exit,4
oufootballs,2
tossed,2
julioteheran,2
power,22
meniscus,4
boos,4
jacksons,9
leadership,4
throwback,3
josmil,2
stone,2
ace,3
package,5
industry,2
favorite,20
act,4
17year,2
mean,15
burning,2
jakeowen,2
sterlingsilver,2
marlins,15
apologize,2
wade,2
rossi,2
technically,3
legacy,6
tigers’,3
hes,78
englishas,2
hey,9
sides,8
hed,2
auburn’s,3
dantoni,8
busterespn,13
complete,21
reps,2
liveonsc,3
brain,2
survived,2
mich,2
elimination,10
u13,3
buying,6
pull,9
rush,3
sumlin,2
unveils,3
firsthalf,4
agree,18
gone,16
ac,5
interactive,4
ad,6
certain,7
aj,3
am,48
direction,4
ap,5
vidic,2
walks,17
watched,3
az,7
drafts,2
collin,2
graduate,2
tight,2
cp3,9
karlravechespn,2
102greatgoals,10
forgot,5
andrew,11
waving,3
oracle,6
terry,19
jjcoop36,2
sponsored,2
aday,3
waived,3
hornets,6
hello,5
nelson,5
kranjcar,2
keane,4
original,2
waiver,2
toure,20
senna,12
consider,9
minors,2
miggy,2
andrea,2
tv,17
lallana,10
940winz,2
dribble,8
hillsborough,2
tj,12
dressing,2
fivestar,4
bartscott57,2
td,12
te,5
carters,3
paying,2
scout,4
returned,2
myself,2
nhlonnbc,4
sant,2
moines,2
cable,2
pbr,3
joined,10
large,3
small,11
dodger,2
alaforce,16
penalties,4
192,2
past,37
footballuga,2
pass,21
hanrahan,5
erikmal,2
irbsevens,7
richard,10
clock,5
lyles,3
seemed,2
full,59
tntmariners,2
fuld,3
hours,11
buzzing,2
legend,15
colback,4
244,2
brutal,2
pics,2
prior,6
pick,53
action,42
dleague,7
vic,4
via,237
followed,7
adidas,3
nbadleague,10
select,4
2run,2
attendance,4
archives,3
pitching,17
6,94
more,238
door,4
company,3
tested,2
outfielder,3
offsidemadrid,3
keeping,5
morgan,3
learn,9
hotspur,2
modrić,3
beautiful,7
rodriguez,9
accept,5
states,3
jimrome,26
sense,8
dress,2
information,2
juve,2
clint,2
dismissed,4
cutondime25,5
browns,8
plans,17
bowa,2
brett,3
plane,2
cars,2
howards,3
authentic,3
organization,7
register,4
jimmyfallon,4
groundsman,2
heisman,4
hurryup,2
keithlaw,8
mexican,2
reminded,3
trade,31
etoo,5
paper,3
scott,27
makeup,2
signs,8
houvspor,3
illinifootball,2
smiling,6
gerald,2
kolarov,3
wildcats,2
bummer,2
colleague,4
balotelli,2
villarreal,8
icymi,61
brewersports,4
silver’s,3
mlbonfox,12
purdue,3
always,18
events,9
knight,2
mustwin,3
found,13
execs,4
england,24
tonite,3
really,44
missed,14
ernie,4
newsnoteslinks,2
bcci,2
research,3
10ajmccarron,6
misses,7
bubba,2
nervously,2
downs,2
dmnowell,3
qualify,4
imagine,6
sturridge,16
havent,2
definition,3
owners,22
bilbao,2
w,88
evra,3
bernie,4
velo,2
major,19
forwards,2
marchapril,2
jamiejackson,2
he’ll,2
number,14
armitage,3
kobe,5
guess,9
guest,6
ssnradio,2
flattrack,2
saint,3
relationship,6
mjax,8
theater,2
3rdq,4
hollywood,2
aaa,5
defends,2
howson,2
determined,4
emirates,15
video,135
remembers,2
beltre,3
sell,17
silvers,17
sherwood,4
brace,2
play,132
singles,5
realmadrid,76
plan,15
sometimes,3
cover,4
jalenrose,2
3s,4
attacking,2
q2,2
golf,14
gold,6
defended,3
session,6
defender,17
soughtafter,2
vilanova,19
overwhelmed,2
uelfinal,8
impact,11
writes,38
writer,5
wayne,15
turnaround,2
cuba,3
giants,7
harbaugh,2
nbapr,3
spoiler,2
banned,23
preparing,3
reporters,3
alcácer,3
dustin,4
josefernandez77,4
cry,2
weds,2
rafaelnadal,2
approaching,2
insane,3
set,44
creator,2
310,2
sec,72
sea,3
bleacherreport,2
6yr,2
project,5
hibbert,7
matter,5
movie,4
currently,6
peteabe,2
15th,3
available,10
zdeno,2
cabrera,5
laclippers,24
incident,9
death,15
ludwick,2
leo,5
cissokho,3
prospects,13
last,185
mikevick,5
barely,2
les,8
wholl,2
cleverley,3
whole,8
bell,4
loan,2
community,2
rosa,2
agents,9
sammy,3
devin,3
jcrossover,2
instalment,2
firm,3
champion,10
nrl,3
fire,14
races,5
stanwawrinka,2
packers,2
mlb,106
presser,9
straight,37
expanded,2
robinsoncano,11
evaluating,4
error,6
dominic,2
outfielders,2
alltimedraft,4
owed,2
hoping,9
backing,4
averaging,2
von,3
ducks,15
triple,8
robin,2
pawtucket,2
funny,4
raiders,4
phelps,5
barnes,5
read,51
wideopen,2
gregbeacham,6
comprehensive,2
derby,4
dejuan,6
viewing,6
vargas,2
recent,9
clermont,3
packmas,2
picks,18
verlander,3
person,9
kelly,8
clearance,2
higuain,2
theee,2
boer,12
lester,3
ousting,2
strasburg,5
stunt,2
hilario,2
surprises,6
bluesblackhawks,2
rangers,39
location,3
sydney,3
psu,2
surprised,4
tomas,5
australia,3
format,2
couple,11
vital,3
oneyear,4
suffering,7
hitters,11
private,2
buyout,13
d,13
continue,12
ivan,8
world’s,2
spring,94
bounce,5
sight,2
espnlunardi,27
caulker,3
hopkinton,2
thrilled,2
sick,3
shooters,2
ba,28
bb,6
bl,2
bo,8
agreement,12
bj,4
bk,2
bp,11
odom,2
santo,2
houpor,5
anything,18
fouls,2
natesilver538,2
deserves,4
repair,5
colorado,5
appropriate,3
jonny,2
lebron,27
spending,4
specifically,2
opens,4
elsewhere,3
inches,2
poster,4
relaxed,2
conley,3
lampard,10
link,8
line,32
themselves,5
posted,6
floridas,3
malzahn,2
um,2
un,9
uh,2
uk,13
apiece,3
outscored,4
ua,2
armstrong,5
defined,2
cowboys,2
kyderby,4
clowneys,3
nonconference,4
chat,15
heynckes,3
preventing,2
points,71
revision,2
viral,5
sherpas,3
woodywoodrum,2
ago,27
lane,9
land,2
agg,20
age,11
barkley,2
walked,6
nbpa,2
feud,2
walker,4
fresh,4
having,16
tattooing,2
receiver,3
results,9
illustrated,2
bvb,2
legal,2
flashback,5
cody,3
mikedigiovanna,2
puigs,3
concerned,2
young,39
send,35
dislike,2
sent,14
briancmahoney,3
tulsa,3
continues,6
northwestern,5
magic,20
willie,3
eve,2
fewer,7
speroni,2
try,18
fermindelacalle,2
race,36
garym0rley,7
honigstein,7
tru,2
athlete,8
uel,110
cnns,3
fouled,3
cnni,7
carrington,2
bazemore,2
prompts,2
expressed,4
richmond,4
szczesny,2
twins,16
kershaw,6
bird,2
vizquel,3
led,14
lee,22
leg,17
respectively,2
busy,9
let,21
royals,7
euro,5
heismantrophy,2
consideration,4
loudest,2
great,130
demba,8
sec’s,24
receive,7
involved,9
oficial,2
defeat,28
opinion,4
makes,44
weekends,3
thats,37
chrislaw,2
johngasaway,2
mariners,25
tds,6
dumbest,2
ninth,2
struggles,2
mcculloughstar,2
standing,14
confidence,5
francis,5
recalling,2
carbonell,2
343rd,2
theme,2
next,111
doubt,7
pfa,24
babb,3
babe,4
seals,2
carrying,3
bayer04fussball,2
charity,3
torn,7
balls,4
mcuban,3
challenge,16
insists,5
pards,2
rooney,19
fwtocp0u9kz,2
bahrain,2
crymci,16
jermaine,3
process,11
pieces,3
high,27
bones,3
mcroberts,2
davidortiz,2
slip,7
delay,8
reinstated,2
comedy,2
tiago,5
blocks,4
tied,41
nailing,2
ties,14
hawk,2
sasvdal,3
solidarity,4
daldridgetnt,3
tejada,2
discusses,5
counter,3
uefacommartynh,15
allow,6
mjs,2
volunteers,2
houston,26
ha,5
boxing,2
producer,3
move,36
directv,2
grizz,12
warren,3
perfect,20
chosen,5
woodson,4
2018,2
2015,10
2014,107
2016,5
2011,9
2010,3
2013,27
2012,12
cusp,2
designs,2
earn,2
cuse,2
legendary,5
rotation,7
cage,3
realize,2
damian,8
tombry,2
sneezed,2
oglevie,2
truth,3
mets,42
doing,23
sportsman,2
thundervgrizzlies,14
alejandro,2
books,4
boatright,3
goalkeeper,5
tevez,3
miamiheat,19
popovich,4
hunterreay,2
shut,3
gonzalo,2
mutch,3
tempo,2
gardner,3
klay,7
scary,4
mayocks,4
barca,27
napoli,6
lsufball,6
david,64
length,2
winorgohome,3
39mins,2
gareth,11
458,2
blown,3
451,3
willbrinson,3
scene,2
owned,2
jesus,3
reggie,21
owner,81
blows,4
thornburg,2
pryor,2
start,70
system,4
painful,3
fouling,3
lot,26
tandems,4
uconn,8
elite,8
roberto,8
reacted,2
fastball,3
roberts,2
cards,5
appealing,2
katieu11,2
darrenheitner,2
collecting,4
false,2
stlcards,23
hashtags,2
tonight,163
rosstuckernfl,4
defending,7
ponders,2
clearly,5
dantonis,2
houstonrockets,3
mlbnetwork,6
toffees,2
toughest,3
worldwide,3
brazil,10
01,36
e…,2
tanaka,31
medal,3
centimetres,2
inappropriate,2
face,36
con,5
fiasco,3
bret,3
fact,23
brfootball,3
atmosphere,4
rings,4
bring,25
manchester,95
pérez,2
rough,4
brink,7
decade,2
taps,4
podcast,36
jay,5
allpro,2
should,76
score,34
tape,8
riding,5
hope,11
meant,7
insight,2
handle,4
pjanic,2
listened,2
bonds,2
familiar,3
lucky,2
spearsnbayahoo,9
bnppo14,2
h,14
esince93,2
stuff,13
dallas,23
sjurelay4life,2
ohio,3
guessing,4
btw,2
lives,4
qtr,6
packer,2
differentials,2
edition,10
alessandro,2
packed,2
wire,4
superhero,3
yordano,4
buchholz,4
youll,3
ends,15
cristiano,29
explosive,2
demichelis,3
invited,2
drug,3
rams,9
etc,6
bristol,2
speights,2
cj,3
cl,7
taylor,4
cb,4
cf,8
stiviano,3
oakland,8
ct,2
hawkins,2
wizardsbulls,5
cassell,2
playerscoaches,2
describe,2
eduardo,2
nbatv,42
5554,2
atlanta,16
ravens,3
spain,6
theyve,13
feghouli,2
middle,4
impersonations,2
rbi,5
fielding,4
groin,2
archie,2
va,2
top25,3
britains,2
heating,2
vp,2
vs,125
sits,3
waivers,5
blakegriffin32,5
35m,2
sevillafc,35
phi,3
ball,60
lagraderia,2
bale,15
phx,2
anfield,45
padres,14
cheering,3
colts,5
fielder,6
pedrogomezespn,2
off,142
flanagan,5
asked,17
9885,2
atlético,9
352,3
theeisenpodcast,5
ariza,8
audio,15
wizards’,2
9889,2
orlando,3
euroderbi,2
bananas,4
less,22
washwizards,23
krul,2
momento,2
paul,31
juventusfcs,3
clipper,5
web,2
mchale,3
wee,2
wed,10
otas,2
wes,2
arrest,2
englands,8
combine,9
cfcs,2
recoveryeverything,2
checking,2
taunt,4
february,2
cruz,4
five,69
belgium,6
tick,5
become,19
sprain,2
quinn,3
identified,2
sunderland,69
ledley,2
mlbs,7
avoid,3
salaries,2
sctop10,8
does,47
deciding,2
blowing,2
schedule,48
heatplayoffs,5
pressure,6
stage,7
indycar,7
chisox,3
garbutt,2
angeles,12
seeds,4
uecker,2
executives,2
letters,2
coverage,28
screamer,2
telegraaf,2
booed,8
ncaachampionship,2
commitment,5
sadler,3
liriano,2
spots,3
alaba,4
yrs,8
flynn,2
t…,6
snodgrass,2
delivers,2
arsenals,2
count,11
rocketsblazers,4
society,2
official,20
smooth,2
triumphant,2
placed,2
idol,2
problem,4
trafford,10
odds,2
»,99
irish,3
rwilliams1947,2
contribute,2
inf,3
backfield,2
jesse,3
eastern,8
compares,7
details,12
askeyjr,2
illusion,2
francisco,9
monday,20
wt20,8
bobsaget,3
chance,31
ibaka,2
dolphins,5
batting,6
carlitos3210,3
lasted,2
rule,53
robdawsonmen,2
compete,8
rep,2
inning,35
saves,10
yikes,7
breakout,2
controversial,5
mansion,2
saved,4
worked,2
tomorrows,2
votes,8
onus,2
bike,2
voted,2
trumbo,2
worth,13
u…,3
schweinsteiger,4
1200cet,2
tickets,12
red,41
triumph,7
cameron,3
7th,11
panda,3
everyones,2
pts,52
rockies,8
above,3
officially,12
told,62
crunch,2
giroud,12
revels,2
richest,5
protection,2
pursuit,3
olsson,2
celebration,2
obtained,2
items,3
study,2
foolishness,2
2020,5
dusty,2
surely,3
postponed,3
ake,2
secure,4
infield,6
highly,4
cbssports,12
paulhayward,5
total,14
plot,2
indians,5
negative,5
ip,18
indiana,16
hahn,2
domfifield,4
award,12
aware,2
championships,2
1980ssportsblog,3
striving,2
pulitzer,3
tnt,44
springer,8
word,10
wore,2
seconcbs,3
worn,2
era,22
containment,2
elbow,8
jamal,3
initial,2
bennett,3
paugasol,2
gaels,2
kamchancellor,2
5452,2
kurt13warner,3
nuts,3
ontheclock,2
9188,4
rookie,12
interview,14
pizza,2
jalen,2
earlier,7
lac,4
superyacht,2
davis,40
suing,2
law,3
zaire,4
las,7
nowitzki,2
jonrothstein,3
greek,2
lfcusa,2
green,19
fan,52
order,15
upon,2
office,7
defenders,2
awful,5
deducted,2
misconduct,2
nets,25
mayor,6
somewhere,2
highlights,8
juco,2
denver,12
buffon,5
carton,2
thunderbirds,2
coffee,3
bans,7
safe,6
safc,14
break,32
bank,3
sidelines,3
handand,2
jonahkeri,5
reasonable,2
flyers,21
carlos,25
lifted,2
calderon,2
gerrard,21
husband,2
leadup,2
logo,6
lfcvcfc,6
mlbmilestones,4
network,7
finalcopa,3
daniel,9
prank,2
sliding,2
bluebirds,2
benjuv,2
standard,2
admits,10
mvp,5
baseman,5
created,6
can’t,8
leadofftv,10
champs,3
perkins,5
hamstring,5
another,60
sixers,3
rejects,2
crunches,2
airs,4
rates,2
john,50
alonso,9
toronto,14
nflcommish,2
target,16
scenes,3
tackles,2
powers,2
failing,2
7boomeresiason,2
upset,4
manner,3
gear,2
cjbycookie,2
forced,3
strength,5
rome,8
luxury,2
forces,3
reals,2
completed,7
bruce,4
exercised,2
involving,2
germany,10
claims,16
darkness,2
s…,2
bracket,9
voting,3
224,2
lewis,7
anniversary,4
subtle,2
d2,4
d3,3
d1,5
sharks,10
antonio’s,2
panned,3
hrs,11
pursuing,4
goalie,2
personality,3
dl,21
dj,5
dh,3
di,9
de,60
dc,3
cardinals,16
watson,5
pgatour,2
nasty,3
dr,28
peyton,6
runs,30
covering,2
anze,2
413,2
steal,10
w6,3
w5,3
w4,3
w2,2
discussions,2
miserable,2
yes,26
draws,4
mitch,8
away,56
gentleman,2
eligibility,2
unable,2
maría,4
terms,3
wa,2
ws,3
wr,15
ham,18
received,8
coy,4
ill,25
ncaa,24
receives,6
brad,6
henryhangout,5
twitterverse,2
tough,19
erman,11
2point,3
tony,13
jays,4
speak,4
petty,2
infantino,2
jensenoffcampus,2
selig,6
attacked,3
weareallmonkeys,3
attacker,2
seville,5
currys,5
remy,3
east,19
sampson,5
launches,2
goalscorer,3
air,21
aim,6
jaworskis,2
tees,2
aid,2
voice,5
lahm,10
mistake,6
cont,9
vogel,4
worldcup,3
dumped,2
lfcvscfc,4
stint,2
confirmed,8
perform,3
wladimir,2
jerry,4
indictment,2
unharmed,2
garray,2
sakho,4
everett,3
rain,6
hand,12
freddiefreeman5,2
kept,5
1600,5
1975,2
congrats,19
kyle,10
epl,5
contact,7
the,4201
seaningle,4
athletic,4
photo,33
newton,2
quotes,7
thanks,28
mohamed,2
jose,63
josh,18
sochi,5
wright,7
shout,3
board,10
midplay,2
gregg,4
caps,4
clowney,10
boxer,2
everton,35
és,2
cooler,2
bpl,54
theyre,16
night,80
revisiting,2
webb,3
honored,5
sends,5
eyeing,2
born,2
jeffpassan,2
lindegaard,2
denies,3
congratulate,2
batum,2
comments,29
asking,12
beating,6
robertson,3
peek,2
columbus,5
marketing,2
pose,2
wareagle,2
pld,12
whufc,4
substitution,2
halliche,4
post,15
trophy,18
months,9
accepts,3
copadelrey,6
7pm,3
tonights,34
jacques,2
rummenigge,2
considerations,2
faint,2
mantle,3
pays,2
balanced,2
kevinmitchell50,3
10998,5
fight,19
was,289
war,6
lowest,2
true,15
responding,2
braves,27
undefeated,5
maximum,7
crystal,28
stevereedap,3
fanhalloffame,3
umpire,4
evidence,4
guessed,3
£20m,2
physical,8
weakened,4
matchday,2
guardiola,18
heycor,3
antidrug,2
interested,8
holding,2
test,6
scored,37
brothers,4
billbarnwell,5
welcome,24
scorer,8
scores,44
fcbayern,68
minimumwage,2
tottenham,22
atleticos,2
together,21
auvergne,2
lineup,20
krakauer,2
songs,2
raffik,4
dance,8
fox,3
global,4
switches,2
battle,19
certainly,6
9289,2
zone,6
honoring,3
realmadrids,7
brown,10
vegas,7
anonymous,2
trouble,13
blast,3
aggressively,2
eden,7
presented,4
12th,4
gus,4
p,8
guy,27
oneonone,3
upper,3
htc,2
regret,4
lacob,3
strikeouts,18
cost,6
meredithfrost,5
appear,2
espnchicubs,2
shares,4
uniform,5
lhhs,2
shared,7
appeal,5
nasri,5
collateral,2
ou,2
redskins,5
hoops,5
change,23
sending,4
asroma,2
flames,2
lakers,13
trial,5
franklin,2
kemp,5
e60,2
bucs,2
434,3
churchill,2
extra,12
retires,4
rarely,2
market,5
4point,3
prove,5
bigs,4
claphamgrand,6
resigns,2
francesa,2
live,145
angels,40
cahill,6
themmqb,4
commissioner,49
club,37
unsung,2
beaver,2
graphic,2
slogan,2
defeats,4
car,4
lackey,4
chamakh,4
decker,2
cam,3
social,6
heart,8
dedicated,2
chip,8
bostonmarathon,2
heard,15
7pe,3
pardew,21
chicagos,2
means,13
talksport,21
dominance,2
zimmerman,2
dive,7
southern,10
disgusted,2
commit,2
heroes,4
changeup,2
aldridge12,9
remember,11
grandson,2
futures,2
vincentkompany,2
baseballs,3
rather,7
usc,3
indeed,5
signees,4
ended,8
farrell,8
managers,10
cold,3
still,89
no1,2
ethic,2
ecclestone,4
kazakhstan,2
non,2
introduce,3
1950,3
half,61
hall,17
wont,20
placate,2
james,47
kerr,8
1990,4
wong,2
cramsay,4
em,6
el,26
en,19
ej,2
ed,2
yeah,5
challenges,2
fires,5
curveball,2
et,151
happen,9
teams,94
dowd,2
es,5
er,6
shown,8
biografia,2
opened,3
space,4
looking,30
receiving,5
shows,12
bnightengale,2
defenses,2
carr,3
1995,2
carp,9
marino,5
lma,6
card,8
care,5
umpires,3
transition,5
fb,4
british,8
honest,2
519,3
ma…,3
chrissymaccnn,6
u21,3
blind,2
flying,2
625,3
striking,4
628,3
yourself,5
directly,4
ring,9
ways,5
tomorrow,31
size,4
sterlings,24
checked,4
width,3
caught,9
traction,2
ligaments,2
desmond,6
ar…,2
friend,15
dolan,5
pittsburgh,3
sandoval,2
eliminated,3
flowers,2
titans,2
television,2
crack,2
maddux,2
7569,4
wrigley,5
investors,2
craig,10
iman,5
premier,43
13th,5
slam,13
there’s,2
veteran,3
jeromevalcke,2
mesut,6
terrific,3
online,2
begin,7
takeaways,4
price,8
espnstatsinfo,15
houstontexans,2
america,3
mntwins,2
michelle,2
forever,4
rachelnichols,3
mri,7
filing,2
basemen,2
german,8
scoreboard,5
konerko,2
fifth,22
ground,5
snack,2
ratio,3
title,61
saints,4
jolt,2
sherwoodstrauss,15
joshreddick16,3
fort,2
injustice,2
curse,3
samuel,2
congratulations,19
truly,4
cannot,6
celebrate,9
isnt,23
jonathanliew,5
losers,4
concert,3
elected,2
hell,14
sport,17
tackling,2
whoscored,5
3,179
altercation,4
morales,5
between,38
notice,2
telegraphrugby,2
bonino,3
blame,5
comeback,14
javier,3
ballpark,4
beltran,5
theellenshow,2
comes,22
anniempeterson,2
madness,5
exploit,2
152,4
tntovertime,2
learning,2
155,2
154,5
alves,25
informed,3
sked,4
1030,3
spursvmavs,4
siriusxmnfl,4
aflarenaball,2
figured,2
jugadores,2
argentina,6
hodgson,2
developing,2
strootman,2
trick,13
100th,6
embrace,3
somebody,2
worry,6
teheran,2
schwarzer,5
inc,5
handled,3
media,16
jpwnbcsports,5
ajcbraves,3
ya,6
followers,5
finish,27
merseyside,3
investigates,2
favorites,5
bryce,25
nyrangers,3
charges,5
masterclass,3
3pointer,3
invites,2
severe,2
charged,2
choreography,2
77,5
noah,4
forest,3
valuable,2
sweeping,2
slugger,4
touch,4
speed,7
yr,3
upton,2
thinking,5
cc,4
treatment,5
halftime,36
republic,2
struck,7
momentum,2
kareem,2
real,119
nielsen,2
spectacular,5
twittermirror,5
rules,18
amb,4
psg,10
gonna,13
early,53
howardbeck,4
reax,2
using,20
threaten,3
pst,2
ruled,10
mourinho,52
cy,2
miracle,2
suárez,10
marcotti,2
t,5
vitolo,2
eddie,2
bestoftheweek,9
girardi,8
ucl,103
cbffutebol,2
recorded,4
scottmillerbbl,3
deficit,9
nuggets,4
selhurst,5
business,8
usolympic,2
sixth,4
equivalent,2
strained,5
evolve,2
fractured,2
raul,3
exciting,8
throw,14
comparison,2
central,7
rbetisoficial,2
choi,3
sri,3
mlbfancave,3
trailer,3
underway,15
scspringgame,2
backup,2
protests,3
brazilstats,2
moyessacked,2
involvement,2
stoke,9
lob,2
neymar,5
prepare,6
area,4
los,24
cats,10
low,7
stars,36
valencia,16
billion,4
pitcher,20
pitches,14
gunners,5
defeating,2
trying,9
hire,10
premierleague,10
bucket,2
freddy,3
miguel,8
lowdown,2
kendrys,2
januzaj,4
backcourt,4
moved,5
sales,3
adbrandt,19
moves,5
nerd,4
innings,26
valid,2
forcing,3
koscielny,8
fsu,4
poor,5
ineligible,2
fazio,2
dubs,2
carpenter,2
offseason,16
podium,3
sweet16,2
suited,3
boogsciambi,2
pool,2
ramsay,25
building,2
corey,4
embracing,2
rgiii,5
overseas,2
banishment,2
fleury,2
monte,2
monta,12
messi,24
month,7
deadline,7
dakari,2
correa,2
griffin,7
oshea,3
dominated,4
1pm,9
very,59
collison,2
mph,9
decide,4
glazers,3
louis,25
manages,2
baseballpro,2
instagram,7
gayle,2
streets,3
nearing,3
letsgowarriors,2
wisconsin,5
teamgb,2
tussle,2
nkfcincy,2
norwich,37
daytona500,6
learned,10
jedd,3
recruits,4
answers,6
strong,22
arena,8
ahead,53
wizardsyes,2
losses,3
miamis,3
arent,9
rory,2
nhlonnbcsports,2
family,13
donnie,3
capital,4
put,42
trained,2
10797,5
930pe,2
khan,5
takes,37
chrisbroussard,2
steinbrenner,2
taken,20
injury,27
autographs,2
lineups,2
ejected,10
site,2
excuse,3
broke,8
weighed,2
rodon,2
nebraska,4
nine,9
redsmoundball,2
mo,5
history,63
f1,21
pushes,5
fiveman,2
boycott,13
pushed,4
idaho,3
snead,5
ft,15
tried,5
deionsanders,2
fa,10
tries,3
fc,9
fg,13
costner,8
rudy,2
fm,2
overnight,2
ego,3
primertoc,2
espnnumbers,3
dream,13
juan,4
lamarcus,26
iguodala,3
help,28
frandsen,2
stays,4
soon,23
auburn,10
held,6
bullpen,20
committee,4
committed,4
ffc,4
biggerthanbasketball,2
romance,3
fined,11
botched,3
wrigleys,2
actually,10
benbloomsport,8
fines,3
evening,4
curtis,2
yo,2
ceo,2
lukeedwardstele,4
cet,2
foot,5
bluejays,6
bryan,4
109108,4
sundays,6
fully,3
mariappa,2
sefutbol,3
referred,2
heavy,2
fees,2
accidentally,2
drugtesting,2
todd,2
beyond,4
event,14
qampa,8
robert,7
since,70
6665,3
alooficial,2
safety,11
nyjets,3
7,102
issue,12
be…,2
sutespn,2
dunk,23
bass,4
sportslawcle,4
timeline,3
darius,2
reason,4
base,19
ask,26
matthews,2
earliest,2
libros,3
polanco,4
terrible,4
round,62
carlino,3
american,9
unaware,2
scouts,8
undergo,4
virgin,2
knocking,3
arsenal,79
unexpected,3
miss,46
horse,4
ioc,5
wonderful,8
expand,2
banana,18
selling,2
storm,6
jamie,2
boruc,2
jordan,51
1914,3
stl,2
ouster,2
grey,2
jarvis,3
greg,12
toward,5
mickey,5
bplonnbc,6
wasnt,11
heaviest,3
cjspiller,4
aroldis,2
skiing,2
philly,8
karl,2
ratings,4
milner,3
lin,4
scotland,3
m…,3
354,3
machado,8
martinezs,4
cavs,2
towards,8
rhp,14
freddie,3
hired,10
comparisons,2
soriano,2
salary,2
qbs,9
yasiel,5
mobile,2
performances,9
clear,10
drawing,2
velocity,4
shoutout,2
stunned,3
stunner,3
plteamoftheyear,3
moments,14
explodes,2
pretty,14
dominant,8
meanwhile,2
outlast,2
th…,5
rekindle,4
famous,3
feels,8
during,59
interminable,2
alexander,2
catches,8
catcher,6
spoelstra,5
celebrates,7
childhood,3
interim,10
x,3
kemba,5
throwing,12
espys,2
manning,10
close,40
sarkisian,2
pictures,15
wow,15
won,30
probably,15
5thplace,2
steelers,6
slbenficas,5
missing,10
greinke,2
ranked,2
ads,2
league,226
samir,2
atletienglish,3
dbacks,23
buzz,2
rodgers,23
cgomez27,3
roenicke,3
batters,12
jeff,17
whatever,3
header,9
uniforms,11
likes,6
doping,4
described,3
tbbuccaneers,2
outstanding,8
damn,2
tomlinson,3
empty,2
dame,3
sanders,6
lived,3
footballau,2
storylines,2
else,14
anthony,8
gms,4
recalled,2
bidding,2
mettenberger,2
intriguing,2
indvsatl,2
lowrie,4
battling,7
jeskeets,9
governor,2
pace,12
while,38
smart,4
guide,7
walkoff,12
reads,5
ready,45
nbarapidreplay,23
shaq,17
shaw,8
anymore,4
grant,6
belong,2
chirscliff,2
grand,10
bbtn,8
used,15
dime,2
bonus,3
blair,6
42nd,2
nights,7
uses,2
forthewin,3
gsw,10
manutd,12
obviously,9
yankees,102
ambassador,3
insidethenba,11
lpool,2
quarters,3
taiwan,2
matchweek,2
retirement,4
guaranteed,6
mcfc,33
mcgrady,2
remaining,13
march,7
showing,8
game,488
jibe,2
damage,5
wings,8
outright,2
efc,8
guardiansport,2
inviting,2
translates,2
popular,6
richeisen,9
uefacomkevina,4
pierre,3
delivered,3
competitions,2
quote,3
everybody,4
run,63
gdnussports,2
step,13
assists,6
finalfour,6
pitchers,32
benfica,26
faith,5
wouldnt,3
memgrizz,22
yearold,5
dlorioles,2
exgolden,2
replacement,5
silence,6
seeing,7
johnsonodom,2
dude,2
within,14
nonsense,2
brentstover,2
bobsledkaillie,2
placing,2
78,7
himself,14
espnfc,4
larry,7
russian,3
reel,2
info,3
xi,25
utd,26
livetweeting,2
chelsea,162
robinlundberg,2
milliondollararm,2
doubled,3
kidney,2
halfpipe,2
tooch975,5
nürnberg,2
tito,22
fears,6
phillies,20
smiles,6
draw,10
reportedly,15
kansas,7
fewest,2
willian,12
evan,8
eisen,2
djennings8,2
e,5
outing,4
required,2
amir,5
depth,5
bleacher,2
requires,3
garrett,3
gt,47
gs,3
cheerful,2
nuno,3
gd,10
gb,2
gm,26
ladner,2
seager,3
assuming,2
mrcfb,7
telling,4
michael,63
ryan,83
football’s,2
fsufootball,2
enforce,2
tosses,2
carter,23
bortles,3
punishing,2
jump,4
picked,2
download,5
zu,2
click,6
plays,29
collins,9
wanyama,2
commercial,2
ramsey,10
stave,2
mackinnon,3
motogp,2
duncan,4
ast,12
geno,3
examining,2
addresses,2
clark,6
danger,4
shake,2
arenado,4
manage,3
gamewinning,10
ligament,7
singing,3
wiz,10
penalty,10
remains,10
darrensproles,3
hudson,3
201314,4
camera,3
cheeky,2
chriscotillo,3
jonathan,8
historically,2
popped,3
started,26
becomes,6
4year,2
twitterdata,21
ausmus,2
appointed,13
starter,14
announcing,2
sanctions,4
azpilicueta,5
ride,5
averaged,5
rgvvipers,10
archer,2
meet,20
drops,16
averages,4
control,11
berahino,2
kenny,6
links,4
saltalamacchia,2
pulling,5
230,3
atbats,12
ferdinand,3
miamihurricanes,2
rays,20
gonefishin,4
favourites,2
swimming,2
longest,9
rfef,2
götze,2
cruise,2
mentioned,2
footballers,4
blake,23
gamehigh,2
till,3
mayock,5
deandrejordan,5
officialhk7s,3
somostodosmacacos,3
who’s,4
pins,2
abreu,18
hands,20
front,13
handy,2
masters,15
university,9
playoff,56
mufc,113
crossing,2
nationals,29
fsus,2
map,4
connor,6
measure,2
special,21
longhorns,2
boateng,4
rival,4
jimlitke,2
cause,5
torres,7
alleged,13
reacts,4
70s,2
attending,3
completely,5
celtics,7
nydnsportsiteam,2
vincent,2
ubaldo,2
1980,3
andykhliu,2
determining,2
route,2
florida,15
relentless,4
keen,6
49ers,11
50game,2
austin,4
mad,5
evans,3
swapped,2
fading,2
beadle,2
powerful,10
improving,2
awarded,3
quality,8
espnmacmahon,2
nbaofficial,17
bears,3
revealed,3
boring,2
wthe,3
attack,4
10second,12
pavel,3
wrapped,2
perfectly,2
final,105
townsend,8
beard,5
tuscaloosa,3
mariano,2
punish,4
chelseas,12
exactly,2
jeffress,2
ben,15
johnson,55
culture,2
bed,3
touted,2
anaheim,6
worstclplayer,7
6th,11
bet,5
exhibit,2
bagged,2
14pts,2
journey,3
mlblow,2
need,54
tale,2
able,9
battles,3
plenterprise,7
timrolls,5
issuing,2
pivotal,6
ivanovic,4
thtv,4
jorge,3
montana,2
connected,4
omer,3
expired,5
gallery,3
korver’s,2
laurent,2
photogrid,2
consequences,2
perk,2
gesture,2
fales,2
serge,4
whittington,2
affair,2
emerging,2
parker,4
violation,5
aren’t,2
tweetin,2
parked,2
partners,4
based,4
earned,6
memphis,33
winner,34
bannedforlife,2
hector,2
bases,9
libro,4
achieve,2
overall,6
tbt,2
122,2
legitimate,2
joins,19
127,3
tbd,3
gray,6
hiring,3
shy,2
tuned,10
felipe,2
dangerous,4
grab,2
mourinhos,4
accuses,3
nflatl,22
marchisio,3
identify,2
casillasworld,2
autotradercom,9
desperate,2
stats,17
luz,2
klopp,3
written,5
arod,3
tens,2
sold,4
htt…,32
76ers,7
importance,3
buckets,3
kicking,5
key,15
police,7
hits,38
kristasmith,3
career,47
lightsout,2
qfs,2
slbenfica,34
dallasmavs,25
jersey,11
tuesday,21
lakings,3
citys,7
kings,15
yorkshire,2
quit,2
pin,2
addition,3
billplaschke,2
quiz,5
greatestworldcupmoment,9
treat,2
kalas,10
freak,3
hernandez,2
both,48
gallardo,2
vince,32
releasing,2
tweets,11
kicks,8
18yearold,2
harden,15
owns,2
ive,10
clipperrace,3
swinging,5
bucks,4
rattocsn,2
upside,2
chants,4
strange,3
party,3
nbastats,12
brianmoore666,2
leonsis,4
killer,2
appearances,4
forgotten,2
effect,3
nightly,2
splashbrothers,2
isco,5
steals,4
keep,37
cazorla,3
ashley,4
ueldraw,16
i,296
variety,2
minicamp,2
dressed,2
restore,3
42,11
accurate,2
mistaken,2
detail,2
sources,107
calathes,6
nats,9
headed,17
engelland,4
gloverteixeira,3
footballer,3
kick,14
desean,2
4…,2
crushed,4
munich,42
261,2
historic,7
burden,2
muscle,3
loss,18
necessary,3
lost,32
fernando,3
sager,3
simeone,10
lose,17
page,6
terrel,2
3point,4
henrywinters,6
grizzlies,24
repeat,4
shes,5
cleveland,6
home,90
peter,4
shootaround,4
3q,3
reaching,5
pt,6
garyparrishcbs,4
•,12
persuaded,2
equally,2
uefacomguilleg,15
washington,17
nbaontnt,66
suncar,11
couldnt,5
mississippi,4
daniels,25
relegated,4
inspiration,2
recruited,2
cricket,12
north,4
hr,27
hs,5
agrees,5
ht,10
designated,2
goals,56
buffalobills,2
hc,6
highest,9
mcgary,6
hosting,5
signed,14
cruel,3
stories,15
piece,18
valenciacf,24
display,8
mechanics,2
xabi,3
correction,3
beats,14
erik,9
eric,10
diego,5
contest,9
cincy,3
offensive,13
tc,2
nbacom,5
dzeko,10
476,2
lebrons,3
talkin,3
canada,2
stat,15
living,4
stay,36
backstage,2
appoint,6
doubleplay,2
amp,271
offenses,5
seamhead,2
ellsbury,15
bcs,4
todays,28
play…,2
tévez,2
andre,13
protest,13
fournette,3
6pm,2
captain,9
rocking,2
whose,3
segment,6
marcos,6
dukes,2
sorry,7
tonyhawk,2
updated,14
rescue,3
cavaliers,2
twittertip,6
connects,2
stolen,8
affect,4
philosopher,2
predraft,2
heading,27
clothes,3
force,41
10m,2
likely,26
asik,3
jonjo,2
lights,2
sobre,2
balague,4
net,11
ever,55
tripledoublewatch,2
helmets,2
tennesseetitans,2
meb,5
mem,3
never,49
drew,8
met,15
109,2
espnsteinline,4
servati,3
active,6
100,20
101,6
105,3
tapes,2
credit,8
omar,6
bayer,2
jadande,5
rey,3
fantastic,12
campaign,10
county,7
guests,8
jackets,9
spaniards,2
call,29
survive,3
type,2
tell,65
sonnygray2,2
wary,2
schroeder,2
oscar,3
wars,2
warm,5
adult,2
ward,2
köln,3
graemelesaux14,4
room,26
rights,5
roof,3
nodecision,2
movies,2
chattingcage,2
rim,4
westbrook,22
root,4
ncaa’s,4
climax,2
arkansas’,2
sideline,3
stros,2
the…,2
amazing,19
doolittle,3
kilmer,3
answer,30
massive,6
undergoing,4
replacing,5
santos,2
president,14
5year,2
purchase,6
attempt,9
third,27
simmonds,12
paullogoap,2
goodbye,2
agentplayer,2
athletes,12
setpieces,3
michelinusa,7
deck,2
kong,3
fellas,4
before,115
scoring,19
nbadlfinals,2
luhnow,2
personal,2
crew,11
better,54
weeks,29
aston,10
workout,10
school,17
esteemed,3
warmups,6
ernesto,2
downright,4
courtside,5
bony,4
recovery,2
arrested,4
baylor,3
victories,2
mcfarland,2
went,31
side,26
luck,10
liga,15
sochi2014,29
milan,8
trading,8
lawyers,9
scoreless,7
realtime,3
crucial,8
surprise,6
turning,6
whiff,8
friends,3
245,2
ramos,21
kipnis,2
struggle,3
loux,2
adnanespn,3
starts,33
messages,2
ist,2
bplmatchday,2
moving,7
loud,6
grade,2
hoop,2
featured,2
jonnybones,3
hawks,25
recruiting,9
mlbrostermoves,5
thibodeau,2
digs,2
hadnt,2
begins,10
distance,5
is…,3
¡gracias,2
don’t,12
silly,5
trailblazers,7
sees,7
kurkjianespn,10
palace,45
pistons,2
guggenheim,2
modern,3
mind,9
chen,3
seed,19
seen,17
seem,4
mins,41
seek,3
tells,51
damiantrillard,3
thornton,5
q3,7
quarterback,6
philadelphia,11
uclas,2
translator,2
mario,2
regular,7
bulldogs,2
maria,2
don,5
evgeni,5
doc,17
medical,2
m,7
dog,8
competitors,2
definitely,4
principle,3
dos,2
lyrics,2
checks,2
retire,5
brilliance,3
ending,10
moyess,2
attempts,5
stepping,2
advanced,2
explain,6
evanwashburn,3
folks,7
youkilis,3
wearing,18
stop,18
coast,3
reviewed,2
atleti,23
earl,12
bat,7
bar,3
bas,2
avilan,2
bay,2
cbssportsnet,28
bad,19
jayson,2
ban,35
bal,3
decides,2
beaten,3
testing,5
decided,13
02,39
03,16
00,8
said,64
04,16
05,9
dcrising,6
scrap,2
shaved,3
olympics,13
petr,2
wildthingmlbn,2
warrior,2
wears,2
boise,2
triplea,6
cousin,2
picking,3
suggested,2
201415,4
5550,2
against,104
russia,3
una,2
unc,2
nbcsportssoccer,14
maldonado,4
lowly,2
loaded,5
mathieu,2
targeting,2
puts,10
three,77
interest,19
threw,22
website,5
gerry,4
mcl,5
nhlplayoffs,2
mingle,2
runup,2
shaqtin,2
164,2
lionel,8
cpfc,9
gracias,3
tank,2
greggdoyelcbs,2
ugly,3
near,4
balance,2
leaves,7
grindhouse,4
seven,15
mexico,3
cano,21
is,987
bobblehead,4
defeated,6
fakes,2
cant,45
marco,2
im,44
gianni,2
ronaldo’s,2
seattle,8
ie,2
id,6
pierrevh17,2
parise,7
sidelined,2
guillem,6
roland,4
unfortunate,2
i’ve,2
analysts,3
meets,4
governors,5
sacramento,6
ratzenberger,3
delight,3
decker6,2
kim,9
jealous,3
tillmans,2
opportunity,3
thoughts,14
kid,11
ahhmovie,2
programs,5
changes,8
youre,14
practices,2
roma,3
careerhigh,4
yours,4
left,99
halamadrid,4
sporting,7
antetokounmpo,2
human,3
movethesticks,8
yet,23
nicolas,3
candidate,7
squad,15
1110c,2
save,11
preseason,10
ops,9
3pt,5
3pm,2
pulis,4
ultimately,2
dreams,4
shoulder,10
lefties,2
prepping,2
lohses,2
deal,73
somehow,4
dead,6
manziel,19
scrimmage,6
dear,3
a…,3
bharper3407,3
tracker,2
runins,2
alabamaftbl,2
£110m,2
keeper,3
super,11
dunking,2
magazine,2
faust,2
afternoon,7
mccann,6
mixture,2
angerings,2
whats,12
subs,6
selfie,4
sergio,7
fisolanydn,3
down,109
pair,4
miamidolphins,3
cardiff,62
birdies,2
saturdays,3
agger,3
joeckel,2
tennis,7
form,11
analyse,2
ford,5
failure,2
granger,9
analyst,5
25th,3
streaming,2
peralta,8
bounds,6
separated,3
classic,3
sale,16
sportingcp,2
ship,3
marking,2
elway,2
handed,7
dies,6
felt,3
framily,2
fell,5
diem,3
transfers,3
weekend,23
died,14
jones,27
happening,3
rundown,3
daily,5
jacket,4
rednation,2
nbaallstar,9
skip,3
skis,2
manager,72
mile,10
skin,2
covered,4
playoffs,63
mill,2
primer,2
21st,2
anticipation,2
ptbnl,2
west’s,2
father,11
countdown,3
0,65
finally,18
marks,10
suffered,9
shoot,2
myles,3
1993,2
craigsagerjr,3
1620,2
timessport,2
staples,6
did,83
die,4
dia,2
sfgiants,14
shoe,2
olympic,7
talked,9
villa,17
dealing,5
stamford,2
draymond,9
bostons,2
eating,7
semifinals,15
majors,5
estos,2
adds,5
heres,48
ankiel,2
health,2
international,9
guardian,144
henry,4
french,5
wait,16
box,5
boy,5
kentucky’s,2
shift,3
bow,4
diagnosed,3
bon,2
rf,2
bob,4
tazzoni,2
bruised,2
genuinely,2
useful,3
merely,2
patriots,6
verge,2
franck,2
duda,2
stoops,2
visit,14
france,6
insider,2
thru,6
michigans,2
acceptable,2
nbcsn,10
downtown,4
playoffupset,4
appel,2
effort,8
arashmarkazi,6
fly,9
flu,2
mandzukić,2
9th,7
making,29
claim,8
crazy,18
predict,7
winston,4
lowry,2
agent,22
beatles,2
beverley,14
dennis,3
nyy,3
harden’s,2
pine,22
tomhaberstroh,13
sunday,28
skater,2
maestro,2
nyc,10
über,3
staying,2
145,3
140,5
may,86
max,6
comerica,2
jablonski,2
designed,4
waschi,5
mocks,2
guys,33
man,168
neck,11
maybe,13
borrowing,2
q,6
provide,3
switch,5
block,6
african,3
basket,7
tall,3
krzyzewski,2
talk,37
nearly,6
scheppers,2
shoes,3
disclosure,2
wishing,2
uefacomandyj,6
matchups,2
lsu,13
pitch,27
foxsports1,8
peterson,2
gameweek,2
group,5
thank,19
interesting,17
espn2,24
coaching,18
policy,4
mail,6
main,2
texas,23
southamptons,6
benficajuve,9
views,8
cut4,14
lunch,5
touching,2
killed,3
candacedbuckner,4
dangerusswilson,2
espns,2
tandy,2
espnu,6
rock,3
deandre,17
nick,29
dwyanewade,2
gruden,8
rivalry,3
relive,4
gonzalez,3
emerges,4
jackson,48
3rd,44
interference,2
nominal,2
andywiz,4
emerged,5
dutch,9
wainwright,5
dominate,4
correct,3
charlotte,17
wasn’t,3
volquez,5
monster,9
brooks,8
ajax,9
california,2
amigos,2
advance,26
buzzer,6
“i,5
thing,30
jumping,3
pepperoni,2
nufc,18
cheese,2
highestpaid,3
malkin,8
long,39
suspended,20
sounds,5
redknapp,2
little,18
dfaed,2
anyone,16
1b,15
1m,2
speaking,10
eyes,7
allegedly,6
memo,2
mrjoshcharles,2
broadcast,3
stockwatch,2
11,61
10,176
13,36
12,50
15,38
14,24
17,23
16,26
19,20
18,23
gotta,8
ventura,6
booted,2
were,122
sean,3
gathering,2
masahiro,14
topics,2
dash,3
kevin,51
pineda,43
answering,7
sassuolo,2
shocked,3
potential,14
performance,15
channel,7
200,4
solidity,2
roster,9
track,9
actioncomedy,2
paid,8
assault,2
nolan,8
tracy,2
queens,2
cuban,4
especially,5
surprising,4
peoplemag,2
bender,2
tworun,2
uclafootball,4
medalist,2
shot,51
show,61
markhazell,2
extrabase,3
corner,13
snider,3
data,2
behind,22
freeagent,2
black,13
ranking,8
contracts,3
winters,2
youngs,2
gea,2
danwetzel,3
sevillafcs,3
pacoalcacer,2
secondary,2
hirschbeck,2
morning,35
experience,6
stupid,7
ruddy,2
podolski,8
finishing,4
worrying,2
declared,3
opponent’s,2
seat,9
starlet,2
eliminating,3
seal,5
wonder,7
forecast,7
liverpool’s,2
enough,22
reading,3
across,7
august,2
malik,3
jr,11
unlv,2
tonikroos,3
jo,2
jj,3
taping,2
lopez,3
tug,2
cardozo,3
rugby,12
waino,2
trades,2
partnership,3
according,25
tour,6
holders,2
traded,12
among,23
cancer,10
henrywinter,26
venues,3
madrids,2
oliverbrowntel,3
trouty20,3
considering,4
capable,4
barry,5
ucla,9
mark,38
bartra,2
jburttelegraph,10
shopping,4
o…,3
offered,4
brooklynnets,2
spills,2
wake,4
those,30
ongoing,2
investigating,3
margin,3
conferences,4
sprained,6
strain,8
purportedly,2
everyday,4
pirlo,3
different,20
pat,10
vineapp,3
danialvesd2,5
pay,9
pepe,5
jaysonst,12
same,33
vujadin,2
wizards,40
speech,3
struggling,4
wimbledon,6
extended,4
assist,8
running,23
latenightseth,2
totally,4
layup,4
schurrle,8
peace,4
money,14
unofficial,2
buccigross,2
twittersports,2
nedvěd,2
boras,6
grip,6
jake,4
davidwaldstein,3
simmons,6
mom,4
fifthyear,2
disappointed,4
adams,9
lightning,3
facing,9
either,12
icfoncbs,6
dale,2
shaneodonoghue,2
splash,3
piero,3
images,6
outs,4
ellis,7
in…,2
confirm,2
critical,4
megarich,2
bostonglobe,2
colinhanks,3
mlbdraft,2
fitness,2
notable,6
broken,11
resign,3
busterposey,2
allianz,2
hicks,3
dukembb,2
marc,4
topoftable,3
thrive,2
youve,6
road,33
organizers,2
quietly,3
lands,3
skilled,3
gomes,6
strip,3
gomez,14
lindnercollege,3
ortiz,4
distracted,2
shelly,2
deadlines,2
lions,4
lentrevista,2
decisive,5
boo,3
trey,2
mignolet,4
cfblive,4
strikes,10
striker,12
ronaldo,31
drills,6
manuel,4
deadlock,3
leaked,5
videos,2
youtube,3
drew48moh,3
deep,12
general,2
girlfriend,3
lifetime,18
illegal,2
film,9
fill,4
again,73
assessing,2
drivers,3
field,36
gamechangers,2
students,3
important,19
chris,55
dunked,2
awkwardly,2
tonight’s,3
dramatic,4
u,12
boone,3
starting,41
represent,2
forget,15
suns,18
talks,24
fcbayernen,6
maynor,4
felton,2
olajuwon,2
they’re,3
alberto,3
huddersfield,2
enjoying,7
ribéry,6
sound,10
returning,12
ichiro,2
cnnrugby7s,9
fall,14
difference,11
syracuse,3
splitter,5
oneal,3
celebrity,2
reminding,2
nbcolympics,5
allsec,2
editoredge,4
andor,5
clinch,11
grabs,3
burger,2
zero,4
titles,5
perspective,4
lawyer,4
further,4
8pmet,6
defence,2
stood,3
abs,4
abt,2
twittertips,4
tribute,7
public,7
5000,2
bowtie,2
jonah,2
stephencurry30,7
threeway,6
table,9
conte,11
search,10
jackie,7
chipper,2
whittingham,3
mentions,4
4thq,3
sterling’s,3
10game,5
dalvssas,8
you’re,4
rican,2
suits,2
bruins,14
suspensions,3
eye,4
leighellis,7
whittaker,2
bytimreynolds,5
ginobili,7
torre,4
dunks,2
alantyers,8
engaged,3
leonard,4
landed,6
bayernrealmadrid,2
town,4
none,3
sellouts,2
lefthanded,6
hour,15
rufete,3
nono,2
recall,6
der,4
limas,3
det,4
guards,2
remain,8
del,13
leonys27martin,2
dee,2
shark,4
share,6
ps,3
sasdal,2
collision,4
numbers,11
robinson,26
biography,3
needs,30
awkward,2
blacked,2
bkn,6
co…,2
telegraphfootie,2
okcmem,2
coming,61
bbortles5,2
response,11
830pm,2
crowded,2
tweeting,10
coutinho,5
panama,2
playing,44
oblique,6
andrelton,2
already,30
through,49
setbacks,2
winger,4
gyorko,4
24,14
25,39
26,12
27,4
thrilling,3
21,39
22,34
shortstop,2
28,11
29,7
late,29
quarterfinals,2
penn,5
naacp,7
someone,13
seeking,5
dismisses,3
okc,25
twitterfairplay,5
inception,2
peps,3
mystery,4
easily,3
huddle,3
fgas,3
drake,2
goofy,2
2b,10
priscocbs,4
repeating,2
sterling,247
everyone,16
house,14
fish,2
hard,21
idea,8
connect,2
callup,2
portland,7
hart,7
randolph,4
maidana,6
perry,3
projected,4
brewers,49
sc3stars,5
bully,3
bubbawatson,4
casillas,6
bulls,32
members,4
atletico,18
beginning,8
cheers,4
needing,2
dalsas,6
f…,2
nbcsports,4
raptors,18
detroits,2
dont,61
biggestfootballnightmare,5
pacersatlhawks,2
done,28
wages,3
divorce,2
5th,8
cardiffcity,12
least,17
180,2
statement,28
mama,2
savsdal,2
larkin,2
para,4
nbacoms,2
wildly,2
park,23
part,30
permanent,2
trolls,2
believe,20
b,6
gotten,4
recording,9
2022,2
insideferrari,3
declare,2
booth,4
giancarlo,7
kickoff2014,3
kirkgoldsberry,2
hangout,4
confirms,9
orders,4
mountain,3
418,3
build,12
commentary,7
rolltide,2
dayton,5
albert,13
giancarlo818,3
moss,2
uclquestions,14
extremely,5
w…,6
kc,2
southampton,19
clemente,2
hazardeden10,2
kd,7
ko,2
ks,17
ku,2
espn3,2
lobcity,2
weigh,2
90second,2
daj,2
joining,23
thomas,13
teamusa,5
217,3
215,5
sub500,2
headlines,12
fine,24
find,44
faces,8
giant,3
nervous,2
dolfithomas,2
recordsetting,3
8,51
goalless,2
weve,28
lsu’s,3
permission,2
luke,2
express,4
bourjos,2
kevinarnovitz,4
batter,2
123120,3
lsubonnette,2
suarez,26
tracksuit,2
dante,4
remove,3
garcia,7
common,2
devils,2
opposing,3
cnnbrk,3
lisbon,18
11th,3
retweet,8
redhot,2
expert,5
visiting,3
themadants,2
noesi,3
8yearold,3
noles,2
rogerfederer,8
pushing,4
responses,2
nashville,2
ike,13
¡en,2
reverse,2
restaurant,3
tipping,2
annual,2
foreign,5
sekousmithnba,2
44liveson,2
baltimore,3
point,29
simple,6
dances,2
simply,5
throughout,3
longsuffering,2
raise,3
create,5
rivals,6
secret,5
dropping,2
ireland,4
mikel,8
meeting,9
4,148
slips,7
gay,8
lillard,10
understand,3
diamondbacks,3
pierce,2
967,2
talking,29
solid,7
bill,8
solskjaer,2
replaced,7
chant,7
fun,16
tourguide,2
portugal,3
century,2
embarks,2
5on5,2
finalists,3
italy,6
puig,4
proved,3
ruth,5
kentuckys,2
assignment,7
yesterday,21
moment,31
mou,2
aggregate,9
imola,3
lacrosse,3
neuer,4
task,4
spent,6
gators,6
juventus,29
y,28
entry,2
spend,3
i’m,3
reds,24
bernabéu,2
openly,2
marlonwayans,4
alternative,2
injuries,4
telefootball,127
letting,4
cut,13
cup,77
hated,3
powerplay,2
source,69
marković,2
mavs,18
easter,2
excited,10
pittsburghs,3
wil,2
big,113
rebound,4
matters,6
spoof,5
bit,6
knock,5
ambrose,3
semi,5
hardy,2
glove,6
mogdentelegraph,6
ussoccer,3
whos,11
steffon,2
google,8
often,5
absolutely,7
magnificent,2
buildup,8
strongest,4
hattrick,2
ourselves,4
thorpe,2
affects,2
decision,24
pep,25
per,31
cast,2
ryne,2
pen,4
eliminate,4
ped,2
kingandscholes,5
epic,2
mnwild,3
patient,3
continuing,3
nflnetwork,29
8pm,5
klitschko,3
lindsey,2
wickham,22
drama,7
slams,5
moores,3
jimmy,11
barcelonas,5
martinez,4
steven,11
robneyer,8
fcbrma,8
forward,35
aaronbooneespn,6
opponent,4
murphy,11
notesnewslinks,4
putback,2
boys,6
hopes,19
money23green,2
09,3
aldridge,25
mavericks,4
clips,9
sort,2
curt,2
cerezo,2
mckinnon,2
single,12
arsene,3
osasuna,5
theyll,3
agentteam,2
cashman,3
papi,4
favourite,5
shobukhova,2
prepared,8
gameofthrones,7
prepares,3
fisher,3
scouting,8
obrien,3
updates,8
today’s,8
2002,5
2000,8
2001,9
2006,3
2007,5
2004,2
2008,3
2009,7
shrug,2
30for30,4
jason,14
golfer,5
datsyuk,2
boomerandcarton,25
helps,6
thfc,15
maryland,2
unbeaten,6
putting,10
tiebreaker,7
clemens,3
entire,11
ethanjskolnick,2
joel,6
shock,3
carmax,4
bizarre,3
salah,6
joey,15
officialcpfc,5
sportstradex,2
crop,2
rivers,12
carlo,7
rivera,5
reconciliation,2
chicago,14
giving,12
falcons,3
assisted,2
enjoyed,9
access,3
seconds,27
3b,5
mroctober,2
exercise,2
body,2
50th,4
jennings,3
luiz,2
healing,4
others,11
luis,31
jcohenap,2
39,4
38,7
talent,8
33,11
32,63
31,32
30,69
37,7
36,21
35,18
34,9
climb,4
honor,8
named,18
manny,5
names,5
scandal,2
lima,10
chi,5
butler,20
he’s,17
b1gfootball,3
spearing,2
upcoming,3
tax,2
georgia’s,2
nfls,2
trail,8
prizes,6
tearing,2
account,5
f,5
tunnel,5
gabriel,2
unreal,2
obvious,4
adamthe,3
closing,3
didnt,34
overbay,2
usatodaysports,2
vicious,2
afl,2
holds,15
afc,27
winners,14
suspend,2
atlhawks,19
afp,2
stock,5
profile,4
sir,5
kickstarter,2
philosophy,2
leukemia,3
collection,3
da,3
lines,2
200203,2
chief,6
gundy,2
furious,5
barnsley,2
vinsanity,4
wedding,3
bunch,3
lf,2
lb,7
la,66
lk,2
lh,4
winning,36
willing,2
image,11
espncfb,2
stepped,3
dad,7
greater,2
dan,16
mention,3
cutting,2
scherzers,3
das,2
insisting,2
isn’t,2
juventusfcen,26
thrill,3
4pts,2
tues,2
l4,3
l2,3
l0,3
l1,3
activate,2
bueno,2
lfc,77
pitts,2
satisfied,2
matt,42
3rdperiod,2
announces,17
defend,3
farm,4
arkansas,11
mata,9
reb,13
rec,4
announced,12
espnsweetspot,5
approached,4
frank,20
payroll,2
clarify,3
understandably,2
que,5
josé,8
skateboard,2
qualification,2
retain,2
olympics2014,2
south,10
tributes,3
bama,6
sack,6
madden,2
embarrassed,3
hurdle,4
reached,17
owning,2
instudio,4
trending,3
mondays,2
nobody,4
blazers,33
permutations,2
loved,6
whufcofficial,4
compensation,2
loves,3
light,16
visited,3
chats,2
amorebieta,2
sevilla,13
comfortable,3
gsws,2
mornings,2
unlikely,8
apparently,9
oates,3
mil,2
min,5
auctioning,2
mix,5
kingjames,12
tenure,2
hawkaptexas,3
sfs,2
eight,13
preliminary,2
sfc,2
papelbon,2
worldsportcnn,12
yaya,11
magicjohnson,8
markakis,3
segura,7
houstons,5
gather,2
frederick,2
disease,2
absurd,2
aquí,2
relievers,3
flyhalf,2
emphatic,3
selection,2
text,4
charles,3
controversy,7
staff,12
inspiring,3
5pm,5
grabbed,2
knowledge,5
sparks,2
basketballtalk,8
torbkn,2
beat,67
bear,2
beal,3
richards,5
barcas,2
encounters,2
halfcourt,2
calling,11
including,20
gibson,5
thelegacyagency,2
national,31
showdown,7
touré,2
breakaway,3
paulwilsongnm,2
intensity,2
juves,2
wc,2
tunein,6
nfldraft,28
cavani,3
asks,2
attempting,3
daytoday,4
connection,2
routine,2
progress,2
maddon,3
glen,10
gametime,5
bhavikd89,2
legit,2
commenting,2
instant,9
buster,2
crawfords,5
joke,2
taking,33
equal,4
attributed,2
passing,10
glorious,2
otherwise,3
comment,5
poyet,4
mlbfc,2
teamissued,2
ab,2
laugh,4
mourinho’s,3
earning,2
watkins,5
pouring,2
johnny,24
swimmer,5
tremendous,4
darren,7
scherzer,10
proposal,14
arsnew,28
yesterdays,9
finishes,9
al,19
finished,13
bull,4
fellow,3
luol,2
homer,11
113103,4
nd,2
appearance,3
value,12
augusta,7
keflezighi,3
frustrating,2
almost,13
helped,8
mx2,2
svpandrussillo,2
claimed,2
rodrigo,3
superheroes,2
progressing,3
sweetswingin20,2
mildly,2
injured,10
moyes,57
reporting,2
cnnfc,72
center,21
weapon,5
seth,2
antonio,11
thought,11
sets,8
position,13
latest,46
thisisanfield,5
executive,6
domestic,3
buzzerbeater,2
seats,2
protecting,3
liverpools,14
lake,2
mlbastian,2
bench,12
add,11
forbes,2
sharethesofa,6
match,55
gmt,5
schendrickson,3
tests,2
testy,2
fantex,4
success,11
shortstops,3
works,8
soft,2
italian,5
gamewinner,5
alive,7
lohse,2
hair,4
proper,4
newprofiles,2
happens,7
est,3
tmz,8
5036,2
puncheon,2
lesean,4
selectionsunday,3
debutant,2
vintage,3
nfloncbs,9
greshandzo,3
host,25
worthy,2
panel,5
actual,4
justin,5
doubledouble,2
stephenson,6
tripledouble,2
guard,23
doesnt,29
midfielder,11
hang,4
bokamotoespn,2
yorkers,2
1981,2
biggest,31
demar,3
buy,12
chatting,3
bus,10
brand,2
preparations,2
w12,2
reminds,7
adamschein,2
buf,3
bud,7
glory,8
wish,8
bu21pl,7
j,7
flip,3
minutes,60
skating,2
indatl,6
deaths,2
pic,10
alantyerss,5
pie,3
shooting,16
campus,5
48,2
46,6
47,4
44,8
45,14
oak,5
43,22
40,61
41,19
roadtolisbon,2
sandy,5
adam,91
solarte,3
shouldve,2
semis,12
…,83
memgrizzokcthunder,2
–,52
22yearold,2
—,2
rbis,9
resolution,4
baker,2
4q,10
jcrasnick,3
4m,2
marchmadness,17
8th,9
blancos,2
golson,2
sleep,6
motocross,2
hate,6
replacements,2
paris,2
tweet,54
tulowitzki,2
under,39
pride,4
uwfootball,3
stanton,5
risk,3
rise,2
dinwiddie,3
greenbeckham,4
every,43
jack,39
uniteds,11
encounter,3
ovation,8
venue,2
enjoy,12
leaders,6
blue,15
hide,4
ruben,2
selected,3
conduct,4
pats,2
kicked,3
zack,3
zach,9
yanks,4
stared,2
studio,10
represented,2
aftermath,2
arroyo,5
jiman,2
vikings,4
stevie,3
35th,2
borussia,2
changed,14
fulltime,14
punishment,2
roles,10
punching,2
actions,4
swings,2
hospital,2
doubts,2
thursdays,2
kimbrel,5
zwikker,2
arizonas,2
alvarez,2
preview,16
turin,9
livche,24
connecticut,3
arms,4
excellent,4
tampa,2
must,29
join,40
10099,4
mi,3
lukas,5
mj,2
mt,5
mr,11
topseeded,2
petersen,2
bethespark,3
2130,5
kompany,3
scheduling,4
times,25
ceremony,3
end,52
sitting,8
writers,3
vintageapollos,5
bunt,6
bryanhoch,3
badly,5
mess,5
dietrich,2
east’s,2
equaliser,2
jonathanliews,2
danny,16
gidp,2
amid,2
bacca,11
enter,15
whitesox,14
interpretation,4
expects,3
niko,3
london,14
savors,2
exchange,5
quarterbacks,5
cle,2
succeeds,2
expectations,3
imo,2
writing,2
ribery,3
405,2
stlouisrams,3
compelling,3
iowa,3
doover,2
wednesdays,3
europaleague,19
alex,28
chuck,15
detroit,10
herald,2
filling,2
victory,25
each,19
fonte,2
lasting,3
hank,7
signing,27
celebrating,4
sjudecision,3
badgermbb,3
saturday,27
ancelotti,13
driving,4
decoy,2
eliassports,4
banning,8
got,109
acc,3
arizona,7
platini,3
free,45
masterpiece,3
aspas,4
wanted,14
andyslater,3
argument,4
longterm,9
days,58
sb49,2
heck,2
anthem,2
mbia,4
onto,7
dæhli,3
pfas,4
espncbb,5
nhl,32
rank,4
hearing,9
fantasy,8
rakitić,3
stevemariucci,4
dysfunction,2
revival,2
tor,3
tos,2
top,152
thomgibbs,3
secondround,2
too,62
tom,9
murder,3
took,28
western,3
assistants,3
wilkinson,2
warmup,6
nominate,3
930pmet,2
ktobb,3
10th,9
bridge,5
fashion,4
ran,7
uniwatch,2
200607,2
thecarazzyone,2
ray,4
1969,2
harper,29
brandon,10
lavoy,2
derek,20
though,6
bst,6
outscoring,3
squealinpigskin,2
abc,5
plenty,8
jean,5
frontrunners,3
rogers,2
devastating,2
enterprise,3
adamzuckercbs,2
section,2
inspire,4
pops,2
radio,6
earth,2
claude,2
minnesota,8
kessler,3
authority,5
announce,22
allardyce,3
nedovic,2
devante,2
watch,169
£4m,2
amazon,2
cat,3
17pts,3
despite,17
report,54
knocks,3
countries,3
twice,16
shots,15
liveextra,13
grichuk,3
automatic,3
joshgordonxii,2
breaching,4
disturbing,4
tommy,9
jerseys,7
interviewing,4
finger,2
hopefully,4
367,3
approach,5
however,3
boss,32
bosh,2
wear,12
news,73
rene,2
improve,5
faced,11
protect,2
kagawa,2
chicagobulls,11
fault,5
players,141
müller,3
disastrous,2
games,151
spurs,54
standings,2
chrispalmernba,4
epidemic,2
towels,2
trust,3
conference,47
bbqchicken,4
been,134
quickly,4
confident,2
beer,5
expected,21
147,2
frustration,2
catch,27
strettynews,6
fallon,2
kentucky,18
n,4
nflcfb,7
podcenter,3
redsox,43
experts,9
garay,3
nike,3
optioned,2
wound,2
jonmorosi,10
several,11
stanfordfball,2
giaccherini,6
fridays,3
tyson,2
wisconsins,2
shortly,5
charlie,3
boxes,2
fulham,12
greatest,12
mother,3
fistfight,2
alabama,10
adammccalvy,2
spencer,10
rio2016,3
leaguer,2
leagues,5
proposed,2
caron,8
pujols,27
hofer,2
openingday,2
campbell,3
d…,2
wizardsno,2
eli,3
buses,7
5m,2
safcofficial,3
gave,11
shumpert,4
advances,2
breaks,6
newcastle,44
judge,8
appearing,2
rumor,3
apart,2
59,3
58,4
gift,3
55,7
54,9
57,3
56,4
50,34
53,5
52,11
broadcaster,3
matchup,9
hakka,2
51,7
clubs,8
escape,2
icc,9
centre,3
fútbol,5
ice,6
everything,24
cnn,5
420,2
booking,2
holiday,4
620wdae,2
brawl,2
530,3
pens,3
cnnworldcup,16
earlthomas,9
security,2
lacgsw,3
espnnba,25
kurtbusch,3
plus,19
ginkel,2
sept,3
duke,5
donates,2
mikevassallo13,3
presence,3
rafa,2
ppl,3
bats,2
rounds,4
hoopsoncbs,3
perezed,3
madrid’s,2
posession,2
class,24
anderson,9
años,2
questionable,3
head,56
heal,2
heat,40
hear,21
removed,5
donald,178
vergini,3
gaal,17
nerds,4
etihad,3
sulejmani,3
zidane,2
everest,3
lojackson94,5
trip,8
pipe,2
bryanruizcr,2
nl,11
nc,4
tip,9
til,3
tim,20
setting,4
tie,25
picture,11
phoenix,4
football,132
randycrossfb,3
cooper,2
121116,3
osus,2
teixeira,11
longer,7
neymarjr,3
fsufootballs,2
serious,9
hitless,7
coach,101
ron,11
alexspeier,2
rob,8
pujolsfive,2
leads,33
roy,17
livetweet,5
row,11
1949,2
dameshek,2
charge,10
federation,2
advantage,9
sponsors,5
cool,11
impressive,11
level,8
posts,6
brother,7
standards,2
quick,7
yall,3
des,5
says,160
tougher,3
barna,2
bsbawards,3
humantrafficking,2
gaizkamendieta6,2
bales,4
sissoko,3
stands,18
insidethemma,2
pleased,3
goes,24
reply,4
tikitakas,2
q1,4
1230,11
amylawrence71,2
durant,16
ufc172,6
baseball,75
groups,2
cork,2
arc,2
healthy,6
guilty,2
jonsds,5
dirt,2
twittermedia,18
swagger,4
angelsyankees,2
weird,4
estadio,2
rafael,2
threes,4
bribery,3
paralyzed,2
1st,74
touchdown,2
baby,5
russell,23
sports,123
adamkilgorewp,2
andy,4
memory,5
msg,3
australian,3
meyer,3
onetwo,2
prep,2
today,186
sessions,3
casey,2
beers,3
local,4
10day,9
westwoodlee,6
and1,2
streak,12
trump,5
figure,6
feelin,2
counting,5
qualifiers,2
swedish,2
1,153
fourth,17
speaks,3
michigan,16
unbelievable,4
huge,34
83,3
birthday,16
tipped,2
classroom,2
mayweather,12
curry,39
inform,2
ones,2
obp,2
region,2
increase,3
exclusive,36
janemlb,3
words,21
midnight,8
cfbplayoff,7
grantland33,5
motions,3
ppg,5
blocked,3
haudricourt,2
offers,6
happened,16
conversations,5
hamilton,17
saban,8
reyes,2
term,4
ulnar,2
dabo,2
name,23
sophomore,9
clutch,12
slavyansk,2
slumps,2
mikefreemannfl,2
nodding,2
baserunner,2
t20,3
nbas,19
semifinal,28
differential,4
divisional,2
begun,3
partir,2
100m,3
factors,2
oklahoma,11
skrtel,6
kent,3
advice,5
virtues,3
state,58
hulk,2
flare,2
dirk,2
motion,2
turn,23
gosling,2
place,36
swing,4
teammates,11
635et,2
morrows,2
dantebonfim,2
george,26
millions,3
moody,2
given,20
ian,15
district,2
gif,11
lanka,3
designer,3
ncfc,14
returns,13
modric,4
white,28
gives,19
exploring,2
copa,4
releases,5
season,189
alabamas,3
braun,11
alan,16
anaheimducks,3
released,19
boškov,2
copy,3
population,2
wide,16
nathan,4
unfortunately,2
officials,4
nightlynotable,2
miles,3
mariner,2
legalizing,4
pro,21
loftforwords,4
mates,2
marathon,16
ideas,3
phillips,11
ideal,3
becoming,2
urge,2
sure,25
multiple,2
tornado,3
sherman,5
falls,5
rematch,4
fcb,19
freshman,11
cleared,4
mxgp,2
considered,6
later,19
hungry,2
senior,7
nightmare,4
slope,3
greats,2
tko,2
thestarters,7
troy,19
trop,2
nll,2
knicks,26
crime,4
to…,2
wood,6
heartfelt,2
rollins,3
larsson,4
tock,2
jazz,3
reveal,3
regarding,7
joked,2
penguins,15
predicted,3
stanleycup,3
discussing,5
reveals,4
avfcofficial,2
tnf,2
hamels,2
bargain,2
college,33
1926,2
parking,4
stanley,5
bostonstrong,2
twitterindia,5
encouraged,2
fails,2
voluntary,2
managing,4
jeter,18
review,11
outside,16
ncaafinals,4
si,5
pinedas,7
arteta,3
rumours,5
sacked,3
20,110
reaction,17
worldsoccertalk,7
uefacomnicka,7
23,20
quiet,3
contract,36
columnist,3
duty,3
por,8
period,15
pop,2
60,10
61,4
62,4
63,5
colon,2
65,5
66,5
67,3
68,2
69,2
pod,6
moore,6
mcdowell,2
teammate,8
howard,33
we’ll,3
latroy,2
1982,2
featuring,6
500,14
630,6
robben,12
6m,2
tiger,6
andré,2
standup,2
irrelevant,2
champions,67
case,23
hughes,3
mount,3
cash,5
unibet,2
slippery,3
mound,5
promised,2
russwest44,5
rapsheet,13
converts,2
leadoff,2
capping,2
uefacomcarlosn,2
helmet,5
dithering,2
granted,2
bowl,4
marys,4
shifts,2
aschnba,2
reminder,8
edinson,5
week,61
kelvin,5
driver,3
weed,2
director,9
statue,4
benzema,7
changing,5
relegation,11
magical,4
without,29
model,4
realmadriden,5
9pmet,2
kill,3
yahooforde,2
harrison,11
polish,2
reality,3
captured,4
halfway,4
blow,8
announcement,7
ny,7
rose,2
seems,10
except,5
it’s,30
blog,21
lets,14
association,5
enjoys,2
ross,2
scheduled,2
porto,4
virginia,2
seahawks,21
jasonbskates,3
schedules,3
cavern,2
accepted,2
2q,9
debuchy,3
patrick,12
robson,4
footballs,6
donations,2
wba,5
mears,3
madrid,110
competition,16
startingxi,2
dpshow,6
intact,2
garnett,2
mood,2
barça,2
slick,3
porter,3
mickyarison,3
update,11
broner,2
ok,10
oh,11
mikeevans13,2
varnado,2
stand,17
dortmund,5
gregory,3
ot,55
os,2
ladies,4
kroos,6
talkhoops,3
chivswsh,2
rising,3
artur,3
harrell,2
elclasico,5
730,2
24th,2
racism,12
racist,26
energy,4
tracyringolsby,2
10yearold,2
avui,3
strongly,3
cba,3
taste,2
felix,5
ryder,2
cbs,10
rvp,2
cnnopencourt,3
livetweeted,2
hasnt,12
middlesex,2
proudest,3
deserve,10
miralem,4
5,129
trash,2
requested,2
championship,22
includes,2
included,4
finals,20
booked,6
backward,2
mcnamee,2
calls,18
wife,10
invest,2
tanner,10
parsons,6
barcelona,46
jasonkingbr,2
espnnfl,5
booker,3
missouri,10
lack,5
fuego,2
paulpabst,2
dish,2
follow,84
settlement,3
decisions,3
als,2
jerome,3
ots,2
remarkable,2
lining,3
acting,4
thursday,18
gary,14
aaron,26
program,6
mtv2,2
foxsports,2
activities,2
woman,5
thejetontnt,6
song,6
far,36
hawes,3
focus,6
worst,12
fab,2
ticket,9
rebounds,5
clinched,4
list,21
salute,2
clinches,3
medel,3
ten,11
ted,4
tee,3
rate,6
randgetlin,2
nbc,12
nba,303
belief,6
sub,18
jesanchez3,2
booing,9
version,4
mustc,8
racing,4
guns,2
vamos,2
midrange,3
nene,22
unprofessional,2
wacha,2
jmanziel2,2
andrews,2
tragedy,4
sportscenter,30
extraordinary,2
pellegrini,4
allows,3
schott,4
options,10
tightness,3
thankfully,2
suddenly,2
1900,2
clifford,4
mma,2
5thyear,2
permanently,2
minor,4
horses,2
flat,2
knows,8
grabbing,2
dannyknobler,3
floyd,11
stick,4
known,11
offthebat,3
glad,2
sergioramos,17
uefacompaulb,6
giggss,5
debated,2
v,103
teague,3
uefacompauls,2
coentrão,4
swung,4
yankee,26
masnroch,3
humantohero,6
court,23
goal,171
nicorosberg,2
breaking,31
delaney,3
explains,13
shouldnt,4
emulate,2
weaknesses,2
reflect,2
softball,2
arda,2
short,11
trevor,9
lhh,2
perhaps,3
grande,2
fenway,13
lhp,7
turnover,4
carmelo,3
bullsvwizards,3
september,2
mission,2
disabled,3
outraged,3
milwaukee,7
style,9
ayrton,13
jacoby,10
fate,2
fourtosix,2
sennas,3
stephen,9
soccer,14
might,24
contender,4
return,46
hunter,2
clippers,186
powernation,2
adventurous,2
bigger,4
marcus,6
gets,78
overunder,3
turns,10
algerias,2
athletics,7
pirates,33
expect,13
sagna,5
dugout,4
btsportfootball,2
hill,11
cabreras,3
friday,22
heads,18
leverage,2
thrown,10
caused,5
jam,6
l…,3
threat,2
throws,14
feel,13
fancy,5
feet,5
kentuckymbb,3
pablo,4
201819,2
passes,8
story,49
paint,3
leading,21
interviews,5
regulation,4
hangs,2
passed,9
profootballhof,2
option,13
relieved,2
hotel,5
wenger,10
historicalpics,2
convinced,4
reliever,6
king,7
kind,7
double,18
dann,2
dani,19
firstyear,2
risky,2
pacersvhawks,7
motivation,2
igor,2
shrewd,2
saracens,7
7s,3
gala,2
wilson,5
check,29
revista,8
entirety,2
chairman,2
finding,4
warrensapp,4
added,8
critics,4
electric,2
exec,2
mentality,3
pedroia,4
reach,12
gallaghe,2
react,5
76,4
75,3
74,7
73,5
72,5
71,5
70,6
nothing,21
seasons,12
ucl…,2
79,2
constitution,3
won’t,6
breaker,2
wichita,2
traditional,4
poythress,8
didn’t,2
3121,2
giannis,2
grace,2
starters,9
turnersportsej,3
sacking,14
hit,66
tillman,8
fastest,6
aampms,2
moundballmlb,2
brendan,18
fred22jackson,3
tourney,6
wrote,9
barr,2
rebs,5
supporting,3
defense,19
dumb,3
are,414
matic,4
arm,4
declined,6
youth,2
freshmen,3
slapped,2
unions,3
consecutive,10
swansea,10
solo,7
villarrealcf,2
recently,7
creating,3
attention,3
fgs,2
succeed,3
martínez,2
franchise,7
tha…,2
bronze,3
water,3
c,17
became,6
uclfinal,7
tra,2
bond,2
finds,9
flies,2
reasons,4
sweet,8
embarrassing,3
ozil,11
sweep,13
dudes,2
mostmentioned,2
village,2
slots,2
pr,2
jedinak,2
rox,5
javi,2
due,16
pa,2
pg,5
orioles,25
luis16suarez,5
chandler,7
pl,10
pm,95
referee,17
flight,3
uefacomtrevorh,11
buck,3
transferring,3
demand,3
georgia,9
guarding,3
indefinitely,2
toddradom,6
3run,3
assoc,2
theres,38
dalejr,5
rip,13
disappointing,6
rio,5
jadeveon,10
rid,3
patriotleague,2
kendavidoff,2
aged,4
shirt,5
chelseafc,31
9,38
arrives,2
utah,3
arrived,6
sweating,2
built,3
lower,4
anybody,4
analysis,5
cheer,4
edge,8
430,2
horry,2
samoan,2
arsenalnewcastle,4
competitive,2
perico,3
questions,60
immediately,4
retired,7
rutherfords,2
bboygrip,2
prince,4
tables,3
majority,4
goodison,2
toulon,4
juventusfc,26
finder,2
complaint,2
me…,2
fenerbahçe,2
edwardjones,2
masterson,3
capitals,2
sidlowe,2
ignore,2
mcshay13,2
courtois,2
mesoraco,2
nfloffseason,2
prom,3
attstadium,2
jumps,3
martin,9
refused,2
refuses,3
bayern,74
roundup,10
cautious,2
completing,3
firing,4
brooklyn,12
ripcity,5
range,12
truehooptv,5
cech,7
womens,6
wanna,3
dwight,29
clubhouse,4
significant,3
chara,2
nbadleagueplayoffs,2
ht…,9
impressed,4
sonny,4
forzajuve,3
question,25
40yard,3
fast,4
“a,2
bruk,12
barackobama,2
twitter,74
stare,2
fabio,8
junior,10
dallasstars,3
kpelton,5
boards,8
highlight,7
z,2
called,17
entrance,2
rally,5
graham,3
randy,4
officialciro,3
backs,10
towers,4
timkawakami,3
mock,4
nice,22
bobpapanfl,2
users,3
problems,3
92nd,3
helping,8
allowing,6
smithpelly,2
año,3
daly,2
suffers,2
vice,2
vick,4
impatient,3
karma,2
ashton,3
nash,3
buffalo,4
once,22
albion,3
firstleg,2
gaals,7
abramovich,2
steve,38
gang,2
issues,10
simon,2
itll,4
include,6
oshie,2
confirmation,4
alden,3
leyland,2
wishes,3
cowgill,4
bryant,5
duffy,2
leapai,2
notes,10
deals,8
alltime,13
debuts,2
jhonny,4
cfc,61
billyhamilton,2
qu…,2
showcase,2
tuesdays,4
venable,2
waiting,5
clipperswarriors,6
chose,2
mrancelotti,5
underwood,5
win,227
cr7,2
adamzagoria,3
laughter,2
calvin,5
leaving,7
suggests,2
“nfl,3
olivier,3
millsap,3
apple,2
app,14
shoved,2
improbable,2
vols,3
rosenhaussports,2
feb,3
stream,8
usa,5
iced,3
few,41
fer,2
eagles,6
possession,15
journalists,2
impress,2
sore,3
women,2
mastersjamesd,8
topic,3
getting,37
mercedesamgf1,2
anywhere,3
pac12,5
dropped,5
theten,3
tap,2
tar,22
hilton,7
something,29
tab,2
atlantafalcons,2
united,99
sit,4
handover,3
six,28
inaugural,3
fortunate,3
brian,15
instead,7
mccoy,4
500hr,2
tension,2
attend,8
hazard,14
normalcy,3
clemsonfb,3
status,2
collazo,4
amount,3
chapman,2
martina,2
wwin,3
jzenor,3
looks,35
135,4
138,3
welbeck,3
teixeiramark25,2
byu,3
tyler,4
choose,2
edging,3
freeman,6
mymasters,2
crash,3
milwaukees,4
practice,41
gottliebshow,15
13m,2
spikes,2
ferguson,4
successor,4
worlds,8
nfc,2
cbssportsgang,4
nfl,106
secures,2
billy,4
edin,4
rockets,37
champ,7
bills,4
finalizing,5
related,2
88,2
89,9
82,5
80,9
81,6
86,5
84,5
85,3
blues,18
outings,2
vcu,2
lfcs,4
we’re,12
supports,3
sacrifice,2
york,15
jonheymancbs,5
8p,2
val,4
g,4
tennessee,8
conversation,5
4th,36
shutout,8
adrian,3
munster,3
walter,2
homers,10
postseason,7
royceyoung,2
atkinson,2
eighth,5
priority,2
650,2
kellys,2
vine,9
doomed,2
aminespn,9
slides,2
mattingly,3
july,7
beastmode,4
holland,5
borini,11
masters2014,5
frontrunner,3
clemson,6
encore,6
biertempfeltrib,2
guillembalague,47
strikeout,4
billsimmons,2
floydmayweather,4
valencias,2
rout,3
agency,7
commissioners,2
jimcaple,2
daveryno12,2
themasters,7
criteria,4
clash,10
knees,3
why,87
deny,3
ramires,2
ramirez,2
looked,11
hi,2
michel,3
xavier,2
uefa,26
marge,2
bridgewater,5
chances,8
please,17
agreed,10
rsherman25,3
planning,5
buehrle,2
fear,2
feat,3
debate,7
spurring,2
litigation,2
q4,6
fans,118
candidates,7
marriage,2
thousands,3
sued,2
b…,2
watching,18
made,59
cubs,17
adamrubinespn,2
spur,2
freekick,7
qs,4
qb,51
fredette,4
view,7
europe,8
acquired,2
granderson,4
closer,15
cole,15
50yard,2
superb,3
genius,4
whiffs,2
frustrated,3
northtexas2015,2
bought,2
mizzou,4
ability,5
opening,25
joy,2
job,43
joe,31
gswvlac,2
11897,3
jon,22
gregcosell,2
clayton,2
april,21
tactical,5
bronx,7
albertbreer,3
wale,2
revistadelaliga,6
wall,18
walk,7
askhelin,6
respect,11
zabaleta,3
morrall,2
decent,3
charts,3
responds,3
pfaawards,4
mauer,2
mike,66
liverpool,156
loyolamlax,4
astros,30
improved,5
present,3
mlbtv,2
jemile,2
stunning,10
reggiemillertnt,5
wild,24
refs,21
avs,5
acmilan,2
overtimes,2
dona…,2
saintsfc,2
matchdaylive,7
stadiums,3
cross,7
member,5
devastated,2
onehanded,2
difficult,5
turinborn,2
disagree,2
sportstbt,4
coaches,15
warming,5
hardestthrowing,2
fighting,9
amandajdavies,6
english,10
nadal,3
cried,3
boot,2
rocked,2
ritchie,2
aguero,6
bovadalv,2
smith,9
discuss,32
usage,2
ski,2
bulletswizards,2
myth,3
bayerns,4
catchers,3
press,41
guaita,3
racists,2
miami,20
loses,14
backlash,2
hosts,3
parity,3
drop,7
flagrant,8
searching,3
115,2
111,3
110,5
star,54
119,3
kds,2
joshelliott32,2
jeremy,7
lead,188
nhlflyers,4
14th,3
smyth,2
leader,15
trout,11
interval,2
frontcourt,2
rare,5
extension,15
column,48
urged,4
carries,4
that’s,7
urges,2
own,30
owe,2
possessions,3
canaan,4
weather,4
promise,4
fired,7
hitting,11
van,34
transfer,47
challenged,2
buckybrooks,9
kidding,4
continental,2
overtime,20
ianmccourt,3
followthepadres,3
kaiden,2
8779,4
redmond,2
shane,3
bradley,9
tactics,18
hitter,7
whether,17
jharden13,2
infante,2
record,67
below,2
replay,17
ruling,4
intimidating,2
h…,5
liverpoolvschelsea,2
trailing,7
mutual,2
incredible,22
roark,4
percent,4
book,20
obannon,4
jimmer,4
incredibly,5
lance,9
june,8
bracketology,5
kinda,6
cliff,3
ranks,5
emery,2
bnpparibasopen,2
