raining,3
yellow,11
four,6
cancels,2
hanging,3
gabrielle,5
looking,55
midafternoon,2
electricity,4
pxi,2
noaasatellites,2
shielding,2
saskatchewan,4
regional,6
1684,2
구름많겠고,2
bringing,12
confimed,2
서해상에서,16
wednesday,79
충청북도,5
505°f,2
sprung,2
miller,5
tr1plefat,4
second,12
1200am,4
thunder,18
increasing,28
freedo…,2
here,193
reported,36
china,2
dogwood,4
kids,3
k,3
reports,40
snowing,7
indrapetersons,9
spotty,19
ustornadoes,5
9c,143
explained,2
replace,3
brought,4
07mph,3
vadotlynchburg,2
1210,5
strike,8
until,577
brings,7
meteorologist,6
glass,2
90,91
hole,3
95,11
sorry,2
97,2
locked,3
temperatures,116
flare,2
example,6
organized,6
310am,2
동해안과,2
provincial,117
turn,8
travel,13
damage,81
louisville,11
granville,6
8mph,26
wrong,2
날씨를,4
83mph,2
vance,2
effective,6
keeps,4
democratic,3
wind,1054
wine,2
hurricanecon,2
bradlogancote,2
elevated,4
fix,2
survivors,3
justinlewislr,5
artornado,4
corridor,4
schools,2
일부지역,21
silver,4
0530,11
0531,2
financial,2
telescope,4
concord,4
series,2
laboratory,3
rt,1254
rv,3
rd,11
rm,2
engineer,6
39c,2
foundation,2
39f,2
threatened,3
wpsdlocal6,3
떨어지면서,8
atl,2
moment,4
caught,9
speeds,3
spinning,2
240314,8
173,2
wkyc,15
service,19
인해,2
high64,2
returns,13
needed,3
blossoms,3
livelihoods,2
17c,26
crawl,2
subduction,2
tree,12
shower,88
feeling,4
boston,6
spent,3
dozen,2
affairs,2
concrete,2
causing,9
soaker,2
justinzollitsch,10
diminishing,4
looming,2
victoria,2
drought,20
오는,12
grove,3
오늘,4
cocoabeach,3
tech,2
came,6
62f,7
saying,6
midwestgreat,2
prepareathon,12
orleans,4
touches,3
busy,9
cousins,2
rico,2
touched,3
pickens,11
daynavettese,8
tips,11
looting,2
hello,6
거제시,5
greene,5
69f,3
release,2
nwssouthernus,4
disaster,10
fair,227
27c,28
ncwx,24
제주도남부앞바다,2
best,24
지나는,4
lots,22
rings,2
r,3
melissa,8
lamar,15
men,2
nature,5
rolled,2
carbon,3
roller,4
accident,3
country,7
pitt,11
asked,4
2nd,8
canyon,2
250,2
nastylooking,2
union,11
대체로,22
fri,28
120414,8
dunklin,5
much,70
fry,2
life,8
eastern,41
25c,17
kwazulu,13
dave,2
lift,2
chile,15
child,2
easters,3
chill,15
rickmitchellwx,2
flooding,69
tornadowarned,2
ridiculously,2
075,2
42814,2
wxprobrian,3
190314,8
quapaw,5
nwsamarillo,3
damaged,8
things,8
european,4
fairly,7
tune,16
raindrops,2
고기압의,2
winstonsalem,2
birmingham,21
enters,2
had,31
354pm,2
east,111
daytona,2
possible,162
possibly,21
birth,4
occurring,3
tapering,3
steps,2
서울을,14
right,54
old,15
creek,5
landfall,5
대기불안정으로,24
choctaw,15
bottom,2
fox,2
continue,59
shifting,2
numero,2
christaylornzl,6
0510,6
arwx,150
제주도앞바다제주도동부앞바다,4
etowah,6
stormtrack,7
bath,2
wildfires,7
보이고,4
marshall,6
google,2
wrap,2
support,9
here’s,2
launching,3
happy,27
inching,2
110214,7
congratulations,3
inside,6
210314,11
150,5
155,4
sight,4
260314,8
floor,3
flood,114
warms,2
role,2
roll,2
models,12
outage,3
15c,61
reedtimmertvn,37
variable,35
nwsblacksburg,5
99,2
98,3
spacex3,2
tornadic,6
citybnd,2
약하게,8
apts,2
avalanche,2
93,8
hold,6
caldwell,3
818,2
815,6
i85,2
choice,2
stays,6
minute,2
ollie,2
leave,26
79am,4
team,16
sigh,3
prediction,15
sign,5
전라남도고흥군,4
melt,3
current,44
2pm,4
falling,39
ground,40
celebrates,2
modis,2
해안으로,5
cstclair1,3
eastnortheast,2
yards,3
alone,2
along,42
ponding,3
impacted,3
harnett,2
departures,2
기상특보,32
love,18
소나기가,20
working,8
tomorrow’s,63
945pm,6
calgary,2
long,45
everywhere,6
lifethreatening,3
laguardia,7
snow,190
values,2
following,10
webster,5
pulaski,11
requ,2
awesome,10
allowed,2
230,8
monitoring,10
winter,80
txok,3
lenoir,3
slush,2
spot,20
23c,10
such,3
data,14
wdbj7,6
sp,7
sw,240
kagsweather,2
st,9
sk,5
truck,3
sa,4
thundery,6
se,147
160214,8
years,38
course,4
experiments,2
090414,8
tore,2
경남서부,6
jim,3
hot,14
930,7
nation,3
records,5
arriving,5
fla,3
2989in,2
quarter,9
mixrain,2
revised,2
jimcantore,8
internet,3
flurries,2
밖의,19
815pm,4
1130,3
mke,3
possibility,5
quite,21
besides,2
night’s,2
training,2
2842014,23
livingston,2
massive,26
nwsnewyorkny,2
sentinel1,8
2820,2
open,9
ripping,2
city,69
2,92
structures,3
lingering,4
기상정보,36
i’ll,2
future,6
russia,3
san,4
turned,4
afternoons,4
alley,4
sad,3
zuma,20
allen,2
saw,7
sat,42
aside,2
note,3
jefferson,14
lunareclipse,4
destroy,2
130214,13
pages,2
686,2
montage,2
average,27
phil,3
drive,22
lawx,4
atlantic,11
forecasters,4
madison,8
0131,2
bright,137
호우주의보,11
wpxicropper,3
slow,5
경상남도고성군,2
going,32
carolina,16
freezing,20
tornadotours,3
southside,4
awaiting,2
workweek,2
priest,3
19mph,38
worries,2
where,34
arrival,6
비롯한,4
surgery,2
830,14
okaloosa,11
15mph,45
강원영서남부,4
severewx,5
affecting,6
teens,8
awards,7
governorbentley,3
many,32
flipped,2
s,171
27일,5
backpack,2
yearly,2
straightline,2
twin,3
stormchasers,2
comeback,5
sentinel,2
marquette,2
plantation,3
stretch,10
west,120
locally,5
630pm,5
formed,6
readings,7
photos,18
hashtag,3
former,4
entergyark,2
single,4
situation,14
ive,10
ivo,2
1215pm,2
030840,2
그밖의,2
wpxibenson,2
breakdown,3
경북북부울진봉화,3
boosted,2
cheers,2
harris,2
tracking,38
haboobs,2
enceladus,2
100214,13
weakley,4
summer,15
215,8
being,13
rest,22
weekly,2
rover,6
신안군흑산면제외,2
sxmthehighway,2
skies,47
0300,6
050314,11
around,84
서해안을,5
meetowlie,2
dark,6
traffic,11
ferndale,6
60,49
영향으로,5
tsunami,25
clay,10
900pm,8
63f,5
beaforce,4
tvs,2
fivee,3
artemyev,2
서울경기도는,22
noon,67
유입되고,5
짙은,22
destroys,2
wtpz33,4
scientific,4
power,38
ingrid,6
23mph,12
industry,2
favorite,6
johnston,6
luck,4
전라남도여수시,3
burning,7
image,23
essex,2
jasper,7
27mph,14
hes,5
probabilida,5
rumbles,3
있겠고,4
georgiaema,2
356°f,2
complete,4
stoddard,2
mh370,9
survived,2
rusk,2
rush,4
detailed,3
peaking,3
ac,2
ab,4
am,250
al,216
watches,18
ap,7
ar,57
az,3
nwsjacksonms,8
tight,3
1115,12
severeweather,9
이슬비가,2
fresh,2
5mph,4
tricky,4
강원영서남부에서,2
having,4
mass,4
nelson,5
dyer,3
1145pm,4
consider,3
caused,7
asteroids,2
debris,23
causes,2
andrea,7
tx,54
tv,20
lowmid,2
tn,59
tail,2
te,2
midwest,40
tc,2
returned,4
전라남북도,8
labor,6
24th,2
17th,2
large,72
pesky,2
sand,2
small,30
kemper,3
0110,3
quicker,2
vincecondella1,74
paso,3
past,16
zellwood,4
pass,9
richard,2
section,2
scientists,12
arplease,2
full,18
twisters,5
hours,37
november,3
울산광역시,2
wftvat5,4
brutal,4
pics,5
prior,3
pick,6
action,4
via,217
indoors,3
wftvnewsdesk,2
gorgeous,10
rhea,2
more,275
door,7
juliette,6
ardaocal,4
cntrl,7
bedford,3
keeping,7
ryandifani,2
science,25
92mph,3
indicating,5
morgan,6
learn,9
itsabsss,2
beautiful,37
impacts,2
scan,2
40mph,4
states,16
stormchasetv,3
scar,2
dress,2
information,9
일부지역에,10
plant,5
plans,6
countryside,2
2973in,3
plane,3
waves,5
plano,2
imagery,5
ita,14
scott,9
signs,4
rapidly,7
wrn,10
ottawa,3
0725pm,2
rainthunderwind,4
030314,8
49f,22
nightside,2
icymi,6
cumulonimbus,2
전국,16
always,6
events,4
starkville,2
found,26
shocking,3
disorganized,2
status,14
england,8
moultrie,2
gfs,2
reduce,5
내외로,5
tamaki,5
really,12
4045,3
missed,26
research,3
highway,10
risen,16
imagine,3
rises,3
definition,3
owners,2
w,215
major,40
high63,2
chch,2
number,65
high65,3
stage,8
guess,2
heads,9
jet,2
threatening,2
saint,2
northbound,3
남해군,3
immediate,8
typhoon,2
focusing,2
areawide,2
wsbtv,3
obama,2
observatory,2
weatherninja,8
충북괴산,2
qpf,2
guarding,2
antarctica,3
경북북부울진봉화영주,2
brace,2
play,7
nasas,15
plan,10
030414,8
cover,36
exp,2
barren,2
golf,7
gold,4
roscosmos,5
impact,13
wraps,4
rainsleet,2
failed,2
wayne,11
begins,17
sunny,295
preparing,2
closely,9
kevskarupawmur,28
nwsmkx,2
nwsmiami,3
12일,5
river,22
approaching,15
body,2
set,20
sep,26
sea,13
남서풍을,11
070214,12
don’t,4
movie,2
currently,37
northcentral,3
weatherkait,2
europe,4
180314,7
losangeles,2
brewing,2
31c,11
전국에,7
last,120
influential,2
pdt,26
pds,8
중부지방은,3
lash,2
let,8
whole,3
blaze,5
volcanic,2
bell,2
northeastern,6
community,3
rosa,7
todaytonight,2
제주도,8
monthly,3
hitting,7
initiation,2
contained,6
faulkner,5
thejudsonjones,7
wpxiscott,24
fire,30
races,2
중부서해안,5
tornados,4
towns,4
nrv,8
crenshaw,2
uncertain,2
straight,7
expanded,3
33,3
real,4
hoping,2
fisherwx,2
thata,2
greenland,2
chase,9
bollinger,2
i20,6
2030,2
flooded,5
alert,31
viewing,37
levels,12
gonna,4
recent,11
knh,2
person,6
mjuricawftv,7
using,6
3040,2
비로,2
tauranga,2
location,3
australia,12
victims,9
emergency,36
multiday,8
couple,8
falcon,3
shwr,2
kbtxshel,3
d,5
areal,4
pender,4
patrick,3
040414,8
buddies,2
spring,57
강수량,9
palm,4
호우특보,27
010314,8
bc,9
agreement,3
santa,8
afternoonevening,8
많고,5
anything,5
shwrs,10
melbourne,2
강원영서남부와,5
경기내륙과,8
180414,8
clinton,2
colorado,8
intl,4
0742pm,3
considerably,2
elsewhere,9
inches,26
link,6
coldest,9
line,45
posted,24
erick,2
uv,15
경기도와,3
uh,2
uk,6
sheupe,2
aerial,11
nighttime,2
315pm,6
chat,2
surveying,2
pontotoc,9
wftvat10,3
occasional,7
definitely,2
katvscott,3
rabies,5
lateweek,2
ago,24
lane,3
land,3
walker,6
rescues,2
partial,13
advisory,69
scratch,2
splashing,2
results,3
astronauts,5
mikebettes,18
야간에,8
concerned,2
sumter,4
young,4
send,10
outlooks,5
강원영서북부,2
resources,2
debrafayemoore,2
garden,6
tulsa,4
continues,56
gautengprovince,2
mixing,5
continued,3
northwestern,3
obion,4
magic,2
eve,4
fewer,2
try,5
race,6
17mph,42
bshieldswftv,23
video,135
odd,16
index,16
13mph,57
함안군,2
indian,3
040314,8
led,2
lee,17
punch,4
지역으로,2
poverty,2
59f,11
great,61
technical,3
cty,2
fond,2
survey,8
33mph,5
residents,6
makes,13
thats,14
nicolecarrabc11,2
215am,2
330,2
mariners,2
supercells,7
standing,5
confidence,2
810pm,2
next,150
doubt,2
nwsmoreheadcity,5
midday,19
rick,7
fayette,10
carrying,2
baby,3
33c,12
high,294
중부지방,3
nwswichita,2
thin,2
rkbetts,2
wedge,11
crs3,3
nears,3
bend,9
slip,3
0910,4
twitpic,4
weaken,3
docking,7
0605am,2
delay,3
창원시,4
muscogee,2
underway,7
tied,4
boeing,5
전남경남남해안과,2
702pm,3
allow,4
volunteers,4
houston,36
move,37
produced,3
escambia,4
warren,3
perfect,5
climatechange,7
brevard,9
degrees,59
stalled,2
2014,83
2010,9
2013,115
2012,5
wtvaweather,5
rotation,27
alcorn,3
seatac,16
onstorm,16
doing,8
지역에서는,2
pihasurfie,3
evacuation,2
waters,5
siriusxm,2
shut,2
gcismedia,7
tornadotrack,15
lynchburg,9
scary,5
기온이,8
davie,4
david,2
chilly,48
davis,2
chills,9
1341,2
scene,6
start,76
system,44
accompany,2
lot,38
060414,8
wtvamatt,4
45f,7
briefing,2
viewer,10
tonight,203
clearly,2
viewed,2
0810,4
soar,3
kitebeach,3
courtesy,6
said,7
plus,6
0527,33
batesville,4
hailwind,2
stronger,6
face,5
jeffpiotrowski,3
brew,2
0529,17
fact,5
atmosphere,5
0528,35
keithcarson,2
bring,42
rough,3
decade,3
rainwind,2
hops,2
should,57
jan,2
planted,2
200214,11
mswx,75
hope,18
means,14
familiar,2
webcast,10
shaping,5
embedded,2
stuff,2
ohio,17
catastrophic,2
donovangruner,3
edition,4
packed,2
lyon,2
wire,3
extend,2
nuclear,3
11일,6
youll,8
email,2
ends,10
seaboard,3
etc,5
streams,2
0610am,2
ch,13
co,73
cm,7
ca,4
snowfall,23
cw,3
ct,7
050414,8
hottest,5
louisiana,5
2015,2
planner,3
puerto,2
atlanta,9
57f,11
2011,5
mississippitornado,5
va,13
uncertainty,34
대치,9
heating,2
rips,2
vt,2
envirointel,6
35f,2
35c,11
matthew,2
outbreak,62
android,3
swrn,4
ball,13
columbia,2
raymond,17
forecasts,11
dust,17
off,71
dock,3
280114,5
overcast,40
southeastern,5
355,2
350,2
359,2
less,20
moments,4
predicts,3
clipper,2
web,3
연무가,3
wee,2
wed,60
increased,3
government,4
checking,2
mikehaddadwmur,7
10pm,11
increases,2
five,4
subfreezing,2
0602,10
0603,7
0600,2
0601,3
0606,10
0607,9
0604,4
0605,12
become,12
0608,6
0609,4
42914,15
footage,5
daylight,3
earlystart,3
fox6weather,7
wetter,2
chickasaw,8
avoid,3
fema,3
does,6
blowing,7
polk,4
pressure,62
includes,12
counties,198
gained,2
wtpz43,5
wtpz42,6
belzoni,2
getting,30
rockbridge,3
roads,21
ncsern,2
spots,22
210414,8
amhq,13
funnel,8
apollo,2
count,5
baptist,3
220214,9
official,3
problem,3
전북덕유산,2
50s60s,2
inn,3
compared,2
47f,11
deadly,15
details,153
thunderbay,3
ariane,2
francisco,2
monday,90
730am,2
chance,938
ncdot,2
rule,4
newsorly,2
yikes,2
0830,2
2742014,23
saved,4
pti,2
늦은오후,2
29c,17
kgibsontv9,2
bike,2
arkansas,55
worth,2
aurora,4
watch4bears,2
jacob,2
humidity,64
announced,2
등,9
rockies,3
above,27
toll,6
officially,5
told,3
redcross,5
protection,2
4272014,2
celebration,4
temps,105
daughter,3
items,4
employees,2
smoke,7
diameter,2
기온은,22
ctxwx,2
thursday,79
total,22
txstormchasers,34
devastation,7
olivers,2
liftoff,2
071,2
0629am,2
indiana,6
award,3
aware,8
wpsdwx,164
blocking,3
1990,2
word,3
전국이,7
eclipse,28
dorian,10
ern,12
indicated,2
uab,2
tornadoes,102
recovery,6
kentheduffer,2
interview,2
beach,15
offshore,4
fever,2
4252,2
lac,2
law,2
las,31
cosmonaut,2
padre,4
30s40s,2
homeowners,2
wknd,4
퇴근시간대에,11
green,7
tterrywftv,35
order,4
21mph,33
office,8
japan,9
mayor,4
highlights,22
37c,2
37f,4
527°f,2
días,10
ianray68,2
1245am,2
shear,2
eventually,4
coffee,6
affected,10
safe,31
melevasmi2011,2
break,22
band,5
daytonabeach,4
경남을,2
010414,8
osceola,4
kevinskarupa,48
lifted,2
network,2
cameras,5
sliding,3
nth,2
ancient,2
canadogreg,3
kywx,2
gauteng,13
created,5
비가,65
festival,8
224pm,2
020414,8
120214,13
another,87
drones,2
i40,7
rated,4
sentinel1a,9
approximately,2
rates,2
danville,7
john,5
dogs,4
damaging,22
foweather,2
overhead,3
radars,3
albert,2
kissimmee,3
toronto,3
target,4
300114,11
5mm,13
wtnt32,3
minus,3
lbl,2
stomach,2
forced,3
080314,8
strength,2
shorts,3
산발적으로,26
해안지역에,2
보이는,11
centraleastern,3
구름많고,4
valleywx,2
swamp,2
radford,2
stormtrack9,19
etiquette,2
brief,16
southerncentral,2
0603am,2
enjoyed,3
autauga,2
41f,6
hrs,3
600000,3
de,44
dc,12
nasty,3
du,2
dr,13
learned,2
ema,2
covering,3
250214,12
414,2
416,2
413,2
418,2
020214,8
away,25
현황과,132
terms,3
wb,2
wa,2
wi,21
ww,22
wv,2
answers,4
130314,10
wy,2
wx,17
received,3
climate,8
ill,12
ilm,13
94,3
transmission,2
현황6월,6
artsculturesa,2
16mph,38
tons,2
speak,3
strong,127
80°,3
0557am,2
warmth,14
concerning,58
기압골,4
lauderdale,3
has,195
sampson,18
launches,7
air,62
aid,2
launched,2
thursdays,3
cone,2
weatherbusters,2
confirmed,27
1810,6
extremes,2
bunny,2
hang,3
rain,680
blamed,3
dalila,8
kept,3
scenario,4
1600,3
thu,38
dallas,5
1972,4
tho,2
the,2665
wdbj7weather,7
photo,55
newton,6
thanks,25
24mph,10
denton,5
hills,2
27th,3
기압골의,5
shout,3
advisories,9
transformed,2
cape,42
280214,8
12mph,57
cooler,73
night,69
지역에,10
born,2
brianemfinger,3
congratulate,2
일부지역에는,5
400pm,4
hellerweather,14
peek,3
columbus,11
박,11
pose,2
plz,2
post,10
poss,9
months,6
밤,4
tonights,18
pays,2
20140414,3
gearing,2
fredericton,2
서해안에는,14
fight,3
accordingly,2
was,96
lowest,4
massac,2
050214,11
snowy,3
becoming,17
내륙,6
peninsula,2
taken,14
maximum,3
plymouth,2
altoona,2
stormewarren,3
hotter,2
moore,6
진도군,3
new…,2
evidence,2
allegheny,3
wintry,32
영향권에서,2
dying,6
topped,2
braineatingamoeba,2
test,12
alaskas,2
brothers,2
welcome,7
walton,4
weatherchannel,33
omega,3
together,13
5km,2
강풍주의보,6
global,4
disturbance,2
grateful,2
condiciones,16
roanoke,7
certainly,2
zone,5
flash,65
fog,36
1130pm,3
southwest,18
3am,3
emergencies,2
blast,7
jackimote,2
turns,2
gun,3
nwsopc,3
guy,2
upper,40
가시거리는,11
군산시,3
cost,2
lowndes,18
cargo,5
1015,13
1010,5
supporting,4
35mph,3
giles,2
gawx,6
change,18
sending,6
incoming,2
franklin,22
triad,5
430,6
regardless,2
extra,6
sufferers,3
market,2
betsy,2
pushes,3
emiam,8
지진통보,3
live,68
rainfall,46
graphic,2
pushed,4
car,9
cat,3
hardest,3
cam,4
dressingthekids,2
fulton,3
heart,3
260414,4
gales,41
carroll,8
heard,6
dekalb,8
spc,104
occur,2
aftn,4
richland,9
discussion,28
spreads,2
dive,2
preszuma,2
southern,63
produce,9
단위,5
remember,13
해무가,14
slightly,5
mammatus,2
typical,9
vilonia,63
recordbreaking,2
ended,5
cold,134
still,89
willow,2
vicinity,2
29mph,7
forms,2
window,3
forsythguilford,2
hale,2
half,14
recap,5
nov,12
halo,5
wont,9
down,61
james,8
3240,2
annestate,2
el,236
en,30
fired,4
bradley,2
fires,5
jessicabelz,2
ex,3
et,56
happen,4
shown,3
opened,3
space,70
51f,8
increase,8
opener,4
shows,39
140500z,2
cars,7
juliemartin,2
ominous,2
marine,10
care,3
british,2
515,10
flying,3
rink,2
ring,5
drove,2
tomorrow,191
547pm,2
size,25
checked,2
445pm,7
households,2
tragic,3
501324help,2
030214,9
puddle,5
mostly,164
pittsburgh,5
flowers,2
thundersnow,2
png,3
오고,32
aerials,2
portsmouth,3
craig,3
bugs,2
grotty,2
breakfast,2
windsor,4
0400,4
form,7
0408,2
online,2
vwelchwftv,3
begin,9
price,2
rankin,6
노면이,2
dream,2
steady,29
sunset,56
pattern,12
등의,2
scoop,2
maine,3
fifth,2
upgrade,4
stormchat,31
fort,4
daynight,2
kiko,5
celebrate,4
270214,8
milwaukee,9
smashes,2
concern,4
thurs,5
3,60
between,32
notice,2
lofted,3
article,4
proudlysa,3
myfox8,5
mokonyane,2
mont,2
comet,3
comes,10
overview,143
중부지방에,2
thelongestswim,2
tropical,124
1030,6
i…,3
developing,55
scud,2
빗방,2
nwssanangelo,2
전라남도경상남도,5
wspffa,2
commander,5
canceled,4
beaver,2
worry,5
develop,14
media,6
ya,3
180214,8
closest,2
arctic,8
wxnews,55
chrisdolcewx,2
breezy,131
severe,500
breeze,38
cca,2
noaa,37
300414,8
touch,4
speed,77
death,10
wwxchaser,4
thinking,3
improvement,5
struck,10
spectacular,3
전면에서,3
read,54
guilford,9
early,99
amp,388
pst,2
ruled,2
mudslide,2
conducts,2
풍랑,4
t,5
regina,2
recorded,7
deficit,3
assembly,2
business,3
asap,2
sixth,3
leftover,7
comparison,2
central,87
srn,5
mikehadd,4
backup,2
outlook,54
rolling,7
elementary,2
prepare,14
area,165
kriz,2
low,208
stars,4
c…,2
europe’s,6
내리겠으며,2
따라,11
delayed,3
trying,5
circulation,5
scanner,2
moved,12
1200,5
aftershocks,2
salem,7
midweek,8
nern,6
moves,25
checkgt,16
poor,2
polar,2
60s,53
push,4
60f,10
peak,4
coverage,24
queensland,2
building,12
bulk,3
tomorrows,28
graphics,36
month,16
nwsgray,2
가량,21
auckland,11
3852,2
1pm,5
very,79
mph,71
0688,2
louis,3
20mph,38
30mph,13
지역에서,8
instagram,3
streets,2
nearing,12
stormchaser4850,3
남해안에,3
witnessed,2
ast,11
기상속보,118
experience,3
20yof,3
tracks,6
excess,3
gingerzee,5
ahead,42
losses,2
exceptionally,2
amount,4
benkennings,2
family,2
westerly,2
put,9
takes,13
answered,2
probabilities,21
seminole,7
brunswick,3
m82,4
site,6
broke,2
producing,6
i80,4
080214,12
i81,6
mccracken,2
breezes,2
미만의,9
nine,2
nino,10
history,10
745,6
ryanvaughan,4
clarke,5
mesosc,4
idaho,9
ft,3
racine,2
fb,3
fl,45
overnight,37
dread,2
cliffmass,2
egg,2
help,35
soon,26
torcons,4
actually,2
systems,6
convective,9
evening,75
food,6
anticipated,3
foot,2
yr,3
sundays,7
bless,2
blooms,2
die,10
trailer,8
heavy,312
beyond,4
event,20
통영시,4
28mph,11
dominates,2
since,33
douglas,3
safety,7
7,62
issue,3
doppler,12
dunn,2
pud,2
timeline,12
houses,2
reason,2
base,2
ask,5
epicenter,2
38mph,9
uprooted,2
launch,42
sheikh,200
0210,4
expecting,9
sandusky,2
probability,15
knabb,5
mist,4
miss,5
fcst,2
station,48
expand,2
jasonbhampton,4
2117,4
storm,392
trapped,3
ashe,3
1910,5
grey,15
jennifergraycnn,2
toward,27
katvweather,24
heaviest,17
280414,8
option,2
cherokee,2
scotland,2
gwarmothwftv,3
torcon,2
milneo,2
김해시,4
bayoumergerson,2
towards,14
sponsored,2
sturdy,2
mobile,16
clear,70
foxandfriends,3
clean,7
velocity,2
humid,3
해역,2
heavens,2
31614,2
northern,55
flights,2
cakebossbuddy,2
pretty,17
circle,2
meanwhile,5
trees,13
feels,6
during,88
intensify,3
alexander,4
hype,2
foxmariamolina,10
rmcgahen,2
pictures,5
wow,26
probably,4
conditions,108
missing,10
local6,2
both,11
wclshawn,5
yosemites,6
longtrack,3
jeff,2
lake,50
vessel,2
1000am,3
mikejenkinstv,2
서해안과,4
damp,25
200314,9
threaten,4
finallyfriday,2
generating,2
partly,58
wet,129
else,3
disruptive,2
loom,4
governor,5
while,42
kara,6
smart,3
28storms,2
guide,2
loop,5
pack,2
reads,2
ready,30
wmur,6
grand,3
used,5
dime,3
000,61
user,3
3545,4
brochpoint,2
yankees,4
alvin,4
090314,8
remaining,5
march,18
showing,17
구름대가,2
ruff,2
game,11
impacting,4
duluth,3
떨어지는,5
parade,2
urgent,5
28th,3
lingers,3
delivered,3
pounding,2
run,11
lakes,10
welshcurry,5
panhandle,15
shine,2
nonsevere,11
block,5
seeing,5
within,10
북쪽을,4
rolls,4
low50,2
probabilistic,2
3019in,2
aqs,2
collapsed,2
frost,9
koichi,2
alive,2
russian,4
dull,35
info,17
utc,25
paducah,2
산청군,2
서해안,2
similar,5
0738pm,2
ef4,7
amounts,40
nam,2
beryl,4
department,2
kansas,13
yazoo,13
structure,3
l6sat,4
e,103
whnt,3
youtube,8
orbit,3
flyingbushman,2
depth,4
rainwindy,2
recognize,2
fayetteville,9
svr,5
gt,43
katv,18
ga,22
googlecharlesloring,2
weathermansam77,2
mercer,2
남해안지역에,3
wpxiolympics,2
oclock,12
fly,2
wave,14
facebook,24
acres,4
wmur9,17
exits,3
tokyo,2
600am,7
아침,3
waking,3
jump,2
picked,3
download,3
click,5
64f,4
djournalnow,3
cell,9
experiment,5
collins,3
making,20
제주도에,3
641,2
dominators,2
expire,3
1245,2
1530,2
daybreak,6
danger,6
win,2
서해상의,3
cloud,180
raindrizzle,2
remains,24
camera,4
vehicle,11
kswx,7
popped,2
started,5
visibility,8
전국적으로,9
pocahontas,3
ride,4
swiwx,50
crossed,3
150214,9
meet,6
control,3
pulling,4
hickman,3
wonderful,3
campers,2
africans,2
located,3
wtpz45,2
cdellaverson,2
thunderstorm,139
belongings,2
skvortsov,5
manhattan,2
coacheggerman,2
pnjtroy,2
soggy,6
빗방울,5
including,13
66f,9
alysoncourtney,3
곳이,62
frontal,3
damages,7
hands,2
front,58
arkansans,3
handy,4
usgs,4
masters,2
university,5
boots,2
slide,3
mode,2
crossing,4
baxter,16
map,37
700,9
701,2
measure,2
steadier,3
sandy,8
wftv,97
부안군,2
depresion,2
cause,4
moundville,2
achievements,2
포함한,15
umbrella,36
activity,5
galaxies,2
70s,38
completely,3
x,8
ridge,9
70f,5
chatham,7
nationalguardms,3
florida,25
keep,21
seasonably,2
powerful,9
date,11
seasonable,12
경상남도양산시,4
weathernation,8
1104am,5
scottwxtwn,2
wrapped,2
final,7
bledsoe,2
rsc,2
updating,3
wattsupbrent,4
ssssarahcole,2
providing,3
wtva,31
niño,3
150pm,4
close,19
need,27
border,6
preps,2
bladen,9
sprinkles,9
giobenitez,2
중부서해안지방에,5
able,7
issuing,3
expires,2
sc,6
montana,2
있습니다,5
gallery,2
4714,3
construction,2
sd,3
12c,85
있,3
based,6
winner,2
brighter,14
dodge,3
conothing,2
nwsspc,45
michigan,10
125,2
gray,3
places,15
gust,9
tuned,8
140414,7
dangerous,37
grab,6
spotted,5
525°f,2
cuts,3
freeze,16
computer,3
spotter,4
tenn,2
nightmare,2
mayflower,54
calhoun,7
state,40
horrible,2
htt…,4
chrismtwn,5
monitor,8
930pm,5
hits,19
18mph,44
430pm,7
jersey,5
mesoscale,21
강원남부삼척,3
torn,2
duststorm,3
tuesday,97
oneonta,3
preparedness,9
sianweather,18
swvawx,3
addition,2
bloodmoon,2
slowly,7
pic,17
huntsville,4
route,5
vince,2
iredell,5
showerststorms,6
laborday,3
texas,35
surface,8
wky,4
020314,10
누적,5
weatherhuddle,5
2942014,23
northwest,17
underground,3
effect,40
fierce,2
destruction,11
lunch,8
i,80
drone,7
rainwrapped,2
지역은,2
26c,23
increasingly,10
42,3
breakingweather,2
akron,3
06월,3
249pm,2
spells,185
headed,29
twcmarkelliot,4
utah,3
historic,7
5am,8
immediately,4
intersection,2
lincoln,10
necessary,2
lost,7
sized,7
martin,4
page,7
34mph,7
twitter,7
repeat,3
warmer,52
cleveland,29
home,37
drizzle,57
bessemer,5
reaching,6
낀,15
fox6,7
sheriffs,4
낮,2
freedom,11
previously,2
washington,18
chrisdbianchi,2
시간당,17
couldnt,2
whos,5
utility,2
mississippi,41
additional,8
noticed,2
280314,13
north,139
hr,4
hazardous,3
ht,2
hi,5
highest,8
eat,3
제주도에서는,3
djshocker69,2
전국에서,2
cells,5
display,2
erin,5
호우경보,14
erie,6
authority,26
중심,4
meteor,2
carlisle,3
1633z,2
star,4
stay,60
jackson,32
friends,14
cinco,10
thunderstorms,42
portion,2
lives,8
simpson,2
robhaswell,2
todays,77
dominator,4
6pm,4
fronts,2
aug,20
alwx,36
recycle,3
updated,50
rescue,13
nwsnorman,2
updates,23
people’,2
affect,8
thebigjra,6
sensor,2
txwx,131
2310,2
washout,4
heading,47
9pm,19
force,4
10c,128
warns,5
japanese,2
batch,4
likely,87
neb,3
hazy,90
lights,2
sobre,16
ever,9
million,12
never,8
met,4
108,4
active,11
103,2
100,109
westcentral,2
dry,454
jams,2
credit,8
tweet,7
fantastic,11
campaign,2
county,408
counts,5
leake,3
lwr,3
baikonur,15
tornadowarning,2
call,8
calm,3
survive,5
tell,8
composite,2
warm,130
shelters,3
제외,2
room,10
rights,2
setup,2
roof,5
oleg,2
nztaakl,4
iawx,2
효과,4
advancing,3
68f,3
boroughs,4
amazing,18
오,4
answer,6
yosemite,12
aboard,5
curiosity,3
president,9
purchase,3
attempt,3
third,4
689,2
688,3
goodbye,3
110314,9
687,2
operations,3
cosmodrome,8
before,51
personal,4
soaking,3
crew,18
better,30
persist,5
weeks,9
34f,6
brightness,7
lorena,2
wend,4
went,3
pittsylvania,5
side,8
mean,5
esa’s,5
24c,15
515pm,6
gradient,2
2542014,22
surprise,4
kiwis,2
turning,16
slowmoving,2
245,5
struggle,2
brrr,2
iss,13
starts,8
whangamata,2
100000,2
signature,3
moving,152
features,7
hook,4
mastracchio,3
twisted,2
twister,3
천둥번개를,16
2am,7
wassom,2
distance,2
newzealand,2
matter,5
solomon,9
sees,2
mind,2
seen,23
seem,3
sounding,2
seek,4
tells,2
estimated,5
it…,2
davidson,6
oil,2
zealand,5
7am,5
don,2
observation,2
medical,2
m,12
dog,2
points,3
dot,3
1145,4
ending,9
stepping,2
nevada,4
northeast,61
cumberland,6
explain,5
경상남북도지역은,2
folks,8
경기남부,2
10,66
stop,9
coast,57
있으나,12
lasrn,2
saturn,4
강원동해안을,3
bay,11
bad,16
discu,2
papamoa,2
흐리고,12
38c,2
questions,10
knhc,36
testing,2
zones,3
beebe,5
03,13
01,6
06,5
07,5
04,10
05,3
08,5
09,2
ohwx,82
pets,3
coun,2
alroker,2
일부지방에,5
picking,3
morgantown,2
against,7
0c,17
gtccastro,5
20s,10
16c,25
2191,2
aftermath,5
springs,18
milwaukeemadison,2
targeting,6
punxsutawney,2
dusting,3
three,13
blenheim,2
lovely,4
deeper,2
sunshine,289
chathamkent,2
locations,10
pista,10
high70,2
tank,2
2040,4
38,4
stoviame,3
ugly,4
near,179
study,8
있음,40
mexico,11
is,612
cant,16
im,26
il,26
ia,6
seattle,39
id,2
grown,2
080414,8
potentially,4
ireport,3
opportunity,2
thoughts,6
changes,7
youre,19
superstorm,2
i95,4
directly,2
800,18
yours,2
left,13
warmest,23
0622am,2
human,2
yes,8
yet,24
tishomingo,4
save,5
amarillo,2
natal,13
3pm,10
background,2
govt,3
11mph,46
nwswpc,4
1559,2
전라북도고창군,3
performing,2
owlieskywarnnws,10
suzanneroantree,2
deal,9
dead,13
36,9
jupiter,2
dense,2
trace,4
130pm,4
normal,33
daytime,3
tracker,5
130414,8
prairies,7
burn,5
super,7
chilean,2
valentines,2
low43,2
afternoon,181
islands,14
low48,2
whats,14
selfie,2
22c,6
commuters,2
경북내륙지역에는,3
saturdays,5
initial,5
winters,2
offering,2
landing,5
lows,20
sent,4
220,2
500pm,6
sticks,2
stedman,2
covers,3
sticky,2
ship,2
alerts,2
generally,8
humberto,4
fell,10
안개가,22
authorities,4
weekend,136
died,6
billion,2
happening,3
daily,13
jacket,7
almanac,18
pellets,2
sunnywind,4
oliverawards,3
mild,74
mile,6
36mph,2
21st,2
weathernetwork,7
0,223
finally,12
marks,2
smartphone,2
advised,3
ma,2
did,13
dip,2
round,14
dis,2
olympic,2
measurable,2
corner,2
heres,96
littlerocklisa,2
international,25
sweaters,2
transportation,2
heavily,3
french,5
chilton,2
prentiss,16
earthquake,32
wait,5
shift,5
wmur9weather,3
tsfarling,2
wilkes,2
statewide,2
storms,236
discus,2
visit,16
thru,25
vawx,2
5day,34
downtown,20
일부지역에서,7
indicates,3
growing,3
arrive,7
crazy,4
winston,30
greenest,2
경북동해안을,2
14c,76
pink,2
papua,3
rays,2
lubbock,2
till,2
sunday,134
nyc,20
staying,20
145,7
may,68
max,801
sns,3
destructive,2
man,7
jrukavina,2
johnson,7
maybe,5
ny1,3
talk,4
gradual,4
northampton,2
wishing,2
fatalities,10
pitch,4
411am,2
police,7
thank,7
tweets,6
main,17
views,3
touching,2
killed,14
developments,2
rock,9
821,2
820,3
823,2
822,2
pantego,2
summary,15
canada,7
living,2
1710,5
potentialtornado,4
midatlantic,11
charlotte,9
earlier,14
potentialwatch,26
california,17
thing,2
frequent,4
macon,4
americans,2
sounds,2
little,75
55f,4
gráficos,10
anyone,8
plains,36
1c,64
moisture,10
1h,9
arachels,11
tuewed,6
continuous,3
broadcast,6
wythe,2
hartford,3
11,86
philipduncan,14
13,13
12,33
15,105
14,23
17,24
16,33
19,33
18,50
were,89
3010in,2
rainfree,2
tuscaloosa,24
kevin,3
potential,25
interior,10
personalized,2
noxubee,15
channel,70
200,14
norman,2
206,4
track,195
310314,8
especially,69
zum…,2
530pm,7
cbs11larry,2
0310,5
rating,10
shot,19
511statewideva,2
show,21
dfwwx,11
경상북도,6
outlookgt,4
stormy,12
firenado,2
behind,9
perspectivas,16
black,3
raising,2
awareness,5
5062,2
nearly,10
gem,2
morning,311
miles,29
finishing,2
declared,9
seas,3
relative,2
declares,2
wettest,10
forecast,264
enough,8
aviso,2
95°,2
across,102
august,4
jr,4
js,2
tue,18
jfk,9
dates,2
according,9
torrential,4
among,2
forecasting,7
spann,12
associated,2
custody,2
capable,3
barry,3
0010,3
mark,5
mars,16
precautions,2
nwslittlerock,21
dramatic,2
wake,8
lt기상,43
those,19
sound,6
isolated,68
ongoing,4
ptwc,6
cancelled,5
showersstorms,4
maumelle,5
middle,13
제주도제주도서부,2
different,5
arica,2
harsh,2
pay,3
same,13
pad,7
centralsern,2
0616am,2
tropicalwx,21
extended,14
rainbow,6
rainy,15
running,7
climbing,3
totally,2
largely,19
wellington,3
300am,2
easing,2
박무옅은,3
lt강수,69
outdoor,12
310114,10
exomars,2
mikespearswghp,2
4,40
extensive,7
heavier,8
0120,2
631pm,2
강원영동을,4
mon,14
mom,3
aiming,2
claiborne,2
경상남도하동군,2
chamber,2
245pm,5
either,3
squally,12
tstm,9
tvtye,2
earthdaynoaa,6
images,8
confirm,2
extensively,2
critical,3
lunar,21
moderate,35
kmz,3
yalobusha,3
seconds,3
squall,3
broken,6
845,10
stations,4
island,5
develops,3
youve,2
mixed,7
joplin,8
road,19
안개해무가,2
spreading,2
nhwx,2
blesses,2
wildfire,22
phwx,4
downed,2
090214,6
mondays,10
mornings,10
unsettled,55
42714,4
strikes,7
hurricanes,10
spica,3
lorelei,2
benton,2
emissions,2
manuel,19
roanokeblacksburg,2
required,2
arkredcross,2
48f,8
deep,12
general,2
planets,3
lifetime,2
film,3
again,33
중부지방과,2
field,10
bremerton,2
astronaut,5
stephanieabrams,2
seanschofertvn,8
shelter,23
important,3
subdivision,2
u,7
615pm,10
starting,17
wtvanews,22
forget,5
day2,2
allergy,7
commute,16
talks,3
children,3
nwsatlanta,4
alberta,5
enjoying,6
sitting,5
fall,16
difference,7
newsalert,3
washing,2
진원시,3
twcbreaking,4
katvnick,5
20th,2
neighborhood,2
andor,2
동해안을,2
perspectiva,16
zero,5
further,3
90s,3
defence,4
public,26
1100,18
900,18
katvmelinda,4
wpxistorm,3
tvnweather,18
airport,10
searcy,2
mentions,2
narrow,2
africa,11
low42,4
twc,2
eye,9
distinct,3
wiped,3
abc13storm,2
brisk,85
landed,2
290414,8
town,15
none,2
hour,49
cluster,2
remain,26
del,16
marble,2
wxstorm,3
stubborn,3
shark,2
sharm,400
nwsptwc,6
share,20
minimum,2
numbers,5
robinson,3
narrowly,3
needs,4
coosa,2
maps,3
advice,3
600pm,4
blood,5
coming,56
response,3
solomons,2
dragon,9
playing,3
trough,5
ni…,2
radar,130
through,210
24,32
25,16
26,14
27,21
20,52
21,11
22,13
23,18
maritimes,6
28,15
29,28
late,73
detected,2
tjoelchris,3
someone,3
frigid,4
끼는,4
mystery,2
wxrjm,2
showerstorm,2
okwx,17
2c,84
150314,8
leveled,2
maunganui,2
everyone,11
house,8
fish,5
hard,8
idea,5
katrina,2
randolph,2
thick,4
projected,2
cyclone,14
lawrence,8
240414,8
pleasant,14
members,6
beginning,9
f…,3
coanchor,2
lynchonzb,2
dont,24
zeldawynn,3
done,14
twenty,2
least,34
statement,24
vs07,4
loudon,6
saltillo,2
park,27
part,20
favorable,2
qld,2
believe,2
18c,12
b,4
i35,3
3442,3
earthskyscience,2
interactive,5
elmore,4
showers,524
showery,14
orders,3
mountain,2
built,4
514°f,2
복사냉각,4
onset,2
build,3
province,2
230314,6
경남,2
significant,17
services,4
plays,2
extremely,5
w…,4
kc,2
1000pm,2
ks,23
ky,15
sector,4
particularly,25
545pm,3
scattered,112
businesses,2
carefully,3
headlines,4
fine,59
find,37
giant,5
aprilshowers,2
money,2
8,22
pemiscot,3
weve,22
1310,6
laurenjoblack,2
wpxivalerie,51
snowiest,2
common,6
kerikeriuk,3
3940,12
retweet,6
800pm,20
expert,2
please,46
merrimack,3
지방,5
fans,4
toledo,3
burned,2
donate,5
popup,2
nashville,7
4055,4
4052,2
jstar79,3
700pm,20
upgraded,4
point,9
tennessee,10
upgrades,3
mcminn,4
throughout,14
raise,2
tgif,3
dropping,4
twospn,16
meeting,3
gas,5
survivor,2
raw,5
bill,2
fun,5
monroe,14
italy,2
wtnt34,4
190414,8
spe,5
645,8
relatively,2
development,2
peterroths,2
yesterday,33
tazewell,2
sheboygan,3
전망gt,118
craven,3
54mph,3
beforeafter,4
강원산간과,3
world,11
injuries,7
quieter,3
cut,2
cup,2
3017in,2
snap,2
easter,43
excited,2
big,30
rebound,3
bit,27
precipitation,5
semo,7
knock,2
강원남부평창,2
rainstorms,2
1410,7
1414,2
valleys,3
often,5
absolutely,2
30s,19
strongest,4
metservice,3
publico,2
30c,7
pet,3
per,9
newark,2
energia,3
060214,13
epic,8
pea,6
300,7
continuing,10
mayflowervilonia,3
8pm,8
msal,2
jbephotography,2
pollution,3
nsj,5
645pm,2
surry,2
강수,3
ontario,11
형성된,5
forward,10
corylcowan,2
fox6now,11
planet,8
exploration,3
expedition,35
engineering,2
theyll,3
becomes,9
250314,8
heatwave,4
wtpz32,4
prepared,11
greenville,10
noaaclimate,2
basehunters,3
today’s,57
i10,5
경기북부,2
4858,2
4856,2
2008,2
2009,2
지방은,3
20yearsofdemocracy,3
graves,6
helps,5
전북무주,2
officials,6
maryland,3
avalon,2
915,2
soyuz,37
putting,3
entire,5
busier,2
havent,8
rstollwftv,2
rivers,4
depression,24
chicago,11
giving,7
anthem,2
전라남도,4
access,3
3c,61
3d,2
chasers,6
445,8
packing,2
intercept,3
조금,6
extreme,13
‘most,2
39,21
32,4
31,11
30,52
37,3
alaska,8
35,15
34,7
climb,2
proof,2
named,7
blizzard,20
seanbreslin,2
gusting,4
names,2
박무,2
utgmt,4
asteroid,7
butler,11
upcoming,7
545,6
trail,3
train,6
hailstorm,2
250414,7
nfld,4
redcrossdfw,2
f,3
summerlike,2
715pm,5
blacksburg,5
midtown,4
oktibbeha,15
didnt,2
q13fox,2
stories,2
democracy,3
holds,2
hampshire,2
regions,3
070414,8
forest,6
buildings,3
highs,93
act,2
345pm,5
chasing,14
945,13
lines,6
9am,7
경상남도,6
despite,8
galaxy,4
210214,8
la,28
lt,44
leamington,2
jueves,2
dam,2
dan,6
90°,3
february,3
되겠습니다,19
warned,13
tues,7
blazing,3
experienced,5
dixie,2
jones,6
58f,10
152014,11
0728pm,3
417,2
red,31
approaches,9
que,2
shreveport,3
2838,2
2836,2
yard,6
경기,2
south,139
jwhittaltwn,8
reaches,6
philadelphia,2
reached,6
iaff,2
intermediate,3
chaser,11
scans,2
해제,21
퇴근길,11
gear,2
completed,2
dreary,2
environmental,8
loved,2
ballard,2
akltransport,3
flashes,2
whistlepig11,5
tupelo,57
tide,2
unlikely,17
mik,2
mil,2
min,814
mid,23
montgomery,16
mix,23
320,2
concerns,4
kytn,5
unless,2
만들어진,18
eight,6
preliminary,12
32c,7
stranded,2
managementza,3
220414,8
kite,2
text,10
rotating,6
5pm,20
bracing,2
45mph,8
hall,5
270314,7
beat,3
photography,2
october,8
perfection,2
timing,11
kazakhstan,2
areas,40
132,2
teams,2
gibson,4
looks,36
quake,16
exists,2
national,66
newearthquake,3
intensity,2
내리고,16
enhanced,2
awaits,2
likelihood,3
clearing,52
rowan,5
routine,2
progress,27
boundary,4
superior,2
20140427,3
deliver,2
braineating,2
mowx,6
joke,2
taking,18
extremestorms,5
chadmyerscnn,2
passing,12
otherwise,8
stjohnwales,2
gone,4
basins,3
fukushima,7
46f,16
유입되면서,19
1359,2
cos,11
itawamba,8
homes,20
되,2
전라북도,2
pnjnews,2
ncaa,2
almost,13
blimp,4
제주도와,22
partner,2
2978in,2
casualty,2
injured,3
tiempo,16
80s,11
samantha,2
reporting,13
roadways,2
center,27
thought,2
fox8,21
sets,5
position,3
wreckage,2
latest,76
ny,6
coaster,2
clinic,4
surpass,2
dakota,4
saturns,3
1110,4
bluebonnets,2
경기도,2
add,3
220314,8
gmt,42
bopsahlwftv,2
thevaleresort,4
wassoms,2
swanson,5
300pm,2
300314,8
28c,19
11pm,4
freedomday,23
140314,12
hail,132
proper,2
halifax,17
happens,2
전북진안,2
kenansville,2
esp,4
hurricane,37
students,3
ese,2
magnitude,9
esa,14
6mph,14
2200,2
slight,27
host,4
although,42
brandoncnn,3
730pm,7
actual,2
justin,6
6am,7
stephenson,3
conway,5
guard,2
doesnt,7
56f,6
미,2
biggest,6
nwskansascity,2
대부분,16
bus,4
preparations,3
memphis,3
misty,4
wish,7
spacewalk,3
minutes,23
deaths,10
periods,63
campus,3
48,13
49,9
46,2
47,3
44,6
45,22
43,3
40,63
41,2
special,21
…,42
seismic,3
astronomy,5
–,5
—,3
ktrk,2
4p,2
spee,2
4c,92
limited,6
fox6wakeup,2
nwr,3
nws,107
hats,2
sleet,15
sleep,2
carolinas,4
patches,13
mwy,3
3012in,3
347,3
1030pm,3
under,33
출근길,11
0736pm,2
risk,119
rise,6
every,6
school,17
marinekatv,3
34c,7
전라남북,2
cloudiness,3
enjoy,42
estimates,2
direct,7
street,5
shining,3
blue,16
liberty,5
supplies,4
0611,20
0610,13
0612,8
200414,8
hundreds,4
studio,3
path,9
digits,3
leaves,7
precip,806
settled,2
stray,3
visible,11
amherst,2
kz103,2
제주도서부앞바다,3
posttropical,4
25th,2
acca62,16
phone,2
thida,2
25mph,13
must,7
md,111
join,21
mb,3
mm,20
mo,47
mn,4
mi,9
mt,30
ms,251
henry,4
grenada,8
noaa’s,2
farmville,2
times,52
end,30
ene,4
returning,3
widespread,12
badly,2
있으며,24
mess,2
lump,2
upside,2
london,2
03203,2
7day,13
6day,9
곳,3
destroyed,11
rockingham,2
400,10
iowa,8
wednesdays,4
40f,13
takapunabeachnz,5
bluemoon,2
detroit,5
tstorms,35
filling,3
40s,32
each,9
또한,3
170214,11
signing,2
january,4
celebrating,4
saturday,81
driving,8
god,4
pensacola,31
230414,8
day1,5
got,33
gov,9
apr,5
arizona,4
kenosha,3
free,22
wanted,3
529°f,3
timelapse,2
days,105
already,23
primary,5
hearing,6
arborday,2
insulation,2
top,22
1500,8
시,2
too,42
nwsfortworth,8
urban,4
lt안개,6
took,7
3042014,23
western,41
weatherwednesday,2
warmup,13
cloudspm,2
tourists,2
sundaymonday,3
classes,3
bridge,6
fashion,3
abc13,3
nwsmedia,5
talking,11
shell,2
lunchtime,3
ray,4
맑은,4
m23m,8
1610,23
brandon,6
hatch,4
though,22
있고,15
745pm,4
rumble,2
plenty,29
devastating,4
0710,5
radio,8
earth,26
neshoba,3
발표,213
delays,3
minnesota,3
easterly,3
oct,23
mixture,14
sunglasses,17
watch,239
20km,2
report,22
wunderground,4
54f,2
shots,2
farther,5
swept,2
guiana,5
ranged,2
hopefully,5
approach,5
discovery,2
20140429,6
droughtmonitor,2
visualization,3
weak,8
however,8
southeast,28
newx,2
outages,9
news,106
improve,2
protect,8
36c,3
participating,2
games,2
cosmonauts,2
faces,2
2965in,4
sullivan,2
karen,4
conference,12
501pm,2
been,72
quickly,9
spread,11
19c,2
expected,121
llangoedhall1,2
droughtgov,4
search,12
0700,2
catch,3
bootheel,6
kentucky,5
n,51
dept,2
규모,3
kanis,2
남해안과,2
내륙지역에서도,12
experts,5
meteorologists,2
haboob,3
suggest,2
bands,2
several,21
satellite,28
welsh,2
호우,2
fridays,4
shortly,7
dade,2
boxes,2
ocean,20
mother,2
klotzbachs,2
alabama,30
seasonal,7
전망,36
copiah,4
followed,2
290114,4
scattering,5
5c,117
gave,2
breaks,8
supercell,20
fo…,2
arnews,19
appearing,2
sinkholes,2
apart,2
quiltcity,2
59,7
58,6
55,16
54,9
57,3
hunt,3
51,4
50,37
53,9
52,11
specific,4
ennis,3
56,13
orlando,27
successfully,3
10km,5
nwtn,3
ice,36
totals,30
429,6
everything,3
icy,7
cnn,6
425,3
426,3
core,4
내외가,3
dropped,3
530,8
42f,15
cooled,2
efforts,7
sept,2
010214,12
civil,6
swain,2
coastal,16
rounds,3
rely,2
gis,3
vaccination,3
outbreaks,19
sneezing,2
sunlight,2
class,2
crews,4
gil,8
head,6
differences,2
26th,2
heat,25
hear,5
solar,5
sustained,2
9999,2
portions,27
nne,4
kaufman,3
nnw,2
check,45
nh,28
derecho,3
nj,16
nm,6
iquique,3
nb,6
nc,129
tip,2
ne,125
tis,4
til,9
nz,16
setting,3
alleghany,3
538°f,3
tie,2
nt,6
company,2
nw,74
node,3
picture,27
football,3
trailers,2
ridges,3
longer,13
270414,8
buzzfeedstorm,4
serious,7
neighbors,5
focus,3
cheathwftv,2
parker,3
marion,22
약한,14
nicksimmons1991,2
row,6
428,4
passage,2
environment,6
weakening,4
tma12m,14
1493,2
cool,74
clouds,116
impressive,4
level,10
philippines,4
hawaii,6
cloudy,254
424,2
427,2
quick,11
midsouth,4
drier,22
says,33
trend,10
inland,12
slowed,2
trent,15
bake,2
전남,6
524,2
goes,11
1230,10
ducky,4
water,30
baseball,5
groups,2
408am,2
부산광역시,3
christchurch,2
weird,2
durham,10
1st,11
russell,3
athens,3
memorial,2
australian,3
today,441
chocolate,2
drown,2
cases,4
autumn,2
wpxi,16
ferry,4
streak,3
stream,12
performed,3
spaceport,5
43014,11
2223,2
1,123
vital,2
trópico,16
prelim,5
springfield,3
horizon,3
huge,10
전남경남서부,4
eighte,2
crashed,2
heartbreaking,2
birthday,3
muggy,2
curry,4
전남남해,2
prayforarkansas,2
nwsshreveport,2
keepthestreakalive,3
mainly,111
240214,8
wtnt44,5
spcwatch,9
happened,2
20140413,3
hamilton,5
feature,5
0732pm,2
소강상태를,11
name,4
shy,2
rimfire,13
sunrise,45
oklahoma,29
sctd,5
제주도전라남북도서울을,5
강풍,3
gusts,30
place,19
raleigh,3
swing,4
charleston,2
gusty,49
1000,13
budweiser,2
제외한,8
millions,5
given,2
nwrn,3
prayers,2
떨,2
cooling,6
convention,3
white,9
gives,4
31mph,8
releases,2
season,27
spcmd,4
released,3
milton,2
wide,5
unfortunately,5
330pm,7
야간,2
sern,7
marionflagler,2
marathon,5
ideal,2
animation,4
surf,3
urge,2
sure,20
multiple,15
tornado,898
falls,11
830pm,4
donation,2
impoojalodhia,2
stats,6
nwsdesmoines,2
flwx,16
later,320
107mph,3
lateseason,2
herzogweather,2
downpours,17
southwestern,8
spacex,7
지역,2
gulf,14
현재,134
femacorpscoast2,3
고성군,2
chillier,2
2210,2
lighter,5
완도군,2
regarding,4
floods,6
2144,2
predicted,2
caswell,2
picnic,2
klotzbach,2
closures,2
기상,35
college,5
parking,3
190214,11
federal,4
knoxville,3
outside,50
swagmamasam,2
weatheraware,5
sirens,7
writenews,2
230214,8
flow,5
cities,15
00mph,6
region,30
quiet,8
6,47
robotics,2
period,14
61,2
62,8
63,15
64,10
65,46
66,10
68,10
69,5
poll,7
forecasted,4
featuring,2
500,13
630,3
6a,2
direction,54
6c,164
1215,5
minister,2
careful,5
spirit,7
case,34
50f,16
mount,4
50s,46
couplet,3
bowl,7
trip,2
shifts,3
reminder,3
week,166
driver,2
director,3
복사냉각으로,2
changing,3
nbcdfw,2
0410,21
weakened,2
stevenheicher,2
without,20
flakes,3
relief,15
model,9
nwsmobile,6
captures,3
가운데,14
violent,11
katvnews,26
cullman,11
baldwin,2
captured,10
blow,4
except,2
it’s,5
blog,21
lets,3
scheduled,2
kills,5
700am,3
virginia,7
apopka,2
남해서부먼바다,2
standstill,3
일부,33
tower,2
reduced,3
nwsmidland,2
madrid,2
pacific,7
260214,8
provided,2
slick,12
moon,18
provides,3
6063,2
update,65
calmer,2
0745pm,2
beaches,5
ok,34
oh,16
예비특보,16
stand,2
rising,25
1100pm,7
hazards,4
제주도남쪽먼바다,5
valley,11
9mph,41
jun,7
jul,21
1020,4
grass,2
minneapolis,3
rvs,3
newday,7
hasnt,4
seattles,3
5,135
060314,6
briefly,2
pests,2
hwy,9
included,5
invest,4
odds,2
missouri,11
peeks,3
강원남부태백,2
govbeebemedia,2
110414,8
spacecraft,11
follow,21
glimpse,3
ron,2
presentation,3
woman,6
worse,3
far,42
sons,2
worst,13
list,7
salute,2
wpxiam,10
programme,3
ten,2
sun,165
anniversary,3
nbcnews,2
racing,3
throckmorton,2
opposition,2
golfball,4
7mph,26
directions,2
arkansastornado,6
allows,2
1510,5
runoff,2
severestudios,5
160314,8
thankfully,2
충북북동단양,2
1901,2
donuts,2
minor,5
flag,9
floyd,4
stick,3
20000,2
known,2
benefits,2
glad,3
hume,2
맑겠고,10
methodist,3
sunscreen,6
61f,6
rather,23
breaking,52
안개,10
explains,6
1279,2
accuweather,4
615,12
reflect,2
limpopo,13
softball,2
short,12
plateau,2
shore,11
began,4
september,2
developed,3
mission,8
isnt,5
scientist,3
cloudier,11
mustread,2
shwrssprinkles,2
인천,2
parts,79
might,19
return,25
nwsdetroit,2
cupola,2
largest,4
earthday,12
clippers,3
내리는,22
communities,5
gannon,2
bigger,6
inequality,2
rainmaker,2
pirates,4
colder,21
expect,22
08일,2
4pm,13
tippah,4
health,4
hill,10
wisconsin,3
friday,89
kswrn,2
accumulation,4
threat,86
fallen,3
limestone,9
feel,11
feet,5
slower,2
story,8
temperature,80
leading,6
coasts,2
swarm,2
passed,9
piedmont,7
store,6
290314,8
hotel,8
kind,2
windier,2
double,5
gloster,2
risks,6
7c,175
outstanding,2
gale,2
wilson,16
nights,22
added,6
warnings,81
reach,19
동해중부먼바다,3
77,6
76,7
75,74
74,5
73,4
72,5
71,5
70,44
nothing,17
measured,4
78,4
1045,8
windows,6
ef2,3
ef3,10
wichita,7
10am,6
longtracked,2
약한비가,9
동해상에서,5
didn’t,2
cdt,215
havoc,4
publicado,12
67,3
wectnews,15
hit,70
compiled,2
snowstorm,9
구름많은,2
intelligence,6
0734pm,2
barb,4
are,366
ark,3
threats,9
orbiting,2
tnwx,3
numerous,6
recently,2
initially,4
bibb,2
fatality,4
c,3
여수시,3
8am,7
100314,8
finds,3
albeit,16
nwshouston,3
sky,23
sweep,2
due,24
appears,11
pa,11
skywarn,2
flagler,27
pm,369
flight,15
firefighters,5
slideshow,3
안개나,2
tjsj,16
plants,5
georgia,3
frozen,2
kick,4
2102,2
2100,5
theres,8
190253,3
sagovnews,30
rip,14
currents,4
gwaldenwftv,62
lengthy,25
noreaster,7
fading,2
9,40
higher,10
arrives,14
439,2
monticello,2
flows,2
arrived,7
severewxupdates,2
lower,18
analysis,6
edge,10
inspirational,2
pollen,6
danielshawau,2
intervals,18
67f,5
prince,3
workers,3
풍랑주의보,15
mpumalanga,13
customers,4
14mph,50
ninjakp007,3
unstable,2
경상남도창원시,2
anzac,3
streaming,11
100414,8
gradually,7
winddownpours,2
비,5
1520,3
quarterinch,2
saweatherservic,2
aloft,4
0900,8
intense,7
roundup,6
firing,8
range,7
assoc,2
msu,2
cutoff,3
incertidumbre,10
ht…,10
sports,2
dogwood50,2
question,4
fast,5
wnw,3
delta,2
beaufort,4
140214,8
60°,2
pres,15
called,4
sunnier,4
4252014,3
kathryn,2
warning,553
10mph,75
graham,2
grt,2
rains,12
swath,6
nice,42
곳도,2
problems,4
helping,5
145pm,4
allowing,2
breakfastsam,2
내외,6
05월,11
accumulations,3
departs,2
nasa,44
lafayette,5
once,7
issued,162
steve,6
windy,296
edt,198
winds,233
71f,2
issues,8
copernicus,2
itll,10
22mph,34
include,2
502°f,2
715,10
stormhuntertwn,7
bryant,2
edgecombe,7
notes,2
seismosteve,6
안정된,10
dealt,2
noted,2
vadotstaunton,3
ripped,2
daviddrummondtx,7
tuesdays,7
nwsbirmingham,4
waiting,3
capital,3
renton,3
1630,2
cityofcalgary,2
degree,15
pushing,4
joshjudgewmur,30
출근시간대에,11
중심으로,9
submerges,2
high58,2
metro,15
suggests,5
shaded,2
deland,2
egypt,401
서해5도,9
app,8
wftvweather,4
jasonbrown30,2
nantucket,2
duck,2
1525℃,2
feb,4
usa,11
few,167
covington,2
expanding,4
170414,8
detail,2
medwick,5
seabreeze,2
women,4
7pm,12
26mph,13
linger,7
anywhere,2
120314,8
tap,7
mesonet,2
tag,2
hilton,2
something,4
betsykling,10
united,5
six,7
815am,2
blustery,30
bertie,2
1887,3
highlands,2
light,154
tstorm,53
130,3
135,2
진앙,3
arklatex,2
ships,2
yesterdays,12
orange,12
covered,3
holiday,2
cantore,2
13c,68
eastward,4
crash,3
orthodox,2
cnnweather,65
satellites,7
flee,2
billy,2
studios,2
88,4
82,3
83,5
80,37
81,7
86,3
87,3
84,3
85,12
southerly,3
nwshuntsville,2
weatherwatchnz,36
performs,3
8c,123
york,2
wasabibistro,2
3009in,2
20yearsoffreedom,3
4th,2
일,7
echo,2
umbrellas,2
654,2
215pm,2
sian,3
discovered,3
내륙에서,2
shelf,2
2642014,23
regards,2
315,2
diminish,3
july,6
65f,5
craigkoplien,8
170314,8
panhandles,2
알림,2
katvbarry,7
linked,2
agency,5
50mph,2
070314,10
vegetation,2
patchy,73
centre,2
why,17
looked,2
tapers,2
guinea,3
chances,33
agreed,2
filmed,2
local,25
videocast,4
2981in,6
watching,27
midnight,10
ilmwx,85
ones,5
station’s,2
qs,2
0747pm,2
ripley,4
11am,2
view,40
milder,28
module,3
1134,2
closer,6
cole,2
monstrous,2
xray,2
closed,7
2110,6
opening,5
rescuers,2
job,4
april,255
photographer,2
safely,3
nwscle,2
wall,16
wonder,2
sudsymaggie,2
walk,3
tormenta,4
respect,2
decent,3
whitneywx,2
hinds,4
730,9
733,2
736,2
mike,4
nickel,3
wftvat4,4
wftvat6,2
cypress,3
stunning,4
wild,5
lakeside,3
ave,6
avg,7
education,4
blount,14
perhaps,4
radiation,4
cross,8
amoeba,2
inch,15
gets,6
incl,11
forsyth,4
student,2
lobby,2
warming,17
fighting,3
rocket,8
150414,7
percent,5
845pm,2
415pm,7
azalea,5
rapid,3
supply,4
smith,6
discuss,5
sick,2
myth,2
eve…,2
0176,2
press,2
knox,4
040214,8
miami,5
vortex,3
frosty,4
exceed,2
drop,26
church,8
115,12
동반한,15
116,2
fregat,2
lead,10
leak,2
빗방울이,3
troup,2
haywood,4
11c,80
june,2
bathurst,2
60mph,4
pike,2
rare,8
universe,3
surge,7
crkmilwaukee,3
create,5
greensboro,3
owl,2
rainsnow,2
weather,717
promise,3
brush,4
ariweather,2
thundershowers,5
apps,2
steprock,2
그,20
made,22
temp,11
time100,2
record,92
below,32
대기가,10
lightning,52
unfolding,2
h…,5
0740pm,2
fr…,2
subtropical,4
28일,4
naming,2
nrn,3
15km,4
incredible,15
illinois,5
boom,2
cnnireport,3
toasty,2
kinda,3
160414,8
zollitsch,2
sleeves,2
joshjohnswx,2
sask,2
